Bergman, Carolus (1734-1802);Bergman, Carolus (1767-1802)
Borgström, Johannes (1723-1785);Borgström, Johannes (1808-1785);Borgström, Johannes (1785-1808)
Brofeldt, Pekka (1864-1945);Brofeldt, Pekka (1884-1945)
Ekerman, Petrus (1697-1783);Ekerman, Petrus (1783-1783)
Frosterus, Eric Johan (1776-1826);Frosterus, Ericus Johannes (1773-1826);Frosterus, Ericus Johannes (1776-1826)
Helsingius, Georgius Marci (1662-1741);Helsingius, Georgius Marci (1764-1741)
Pacchalenius, Andreas Andreae (1679-1735);Pacchalenius, Andreas Andreae (1704-1735)
Radloff, Fredrik Wilhelm (1765-1838);Radloff, Fredrik Wilhelm (1766-1838)
Wrigstadius, Jonas Jonae (1692-1746);Wrigstadius, Jonas Jonae (1711-1746)
Arctopolitanus, Gabriel Gregorii (1630-1682);Arctopolitanus, Gabriel Gregorii (1682-NA);Arctopolitanus, Gabriel Gregorii (1730-NA);Arctopolitanus, Gregorius Gabrielis (1672-1745);Arctopolitanus, Petrus Gabrielis (1670-1698)
Honorable Member Of The House Of Commons;Honourable Member Of The House Of Commons
My Friend A Physician;My Friend, A Physician
Philalethes;Philalathes
Scotsman;Scotchman
Your Fellow Citizen;Your Fellow-citizen
Adams, John (1735-1826);Adams, John (1735-1826)
Adams, John (1750-1814);Adams, John (1750-1814)
Alexander, William (1685-1704);Alexander, William (1685-1704)
Alexander, William (NA-1783);Alexander, William (1726-1783);Alexander, William (NA-1783)
Allen, John (1741-1774);Allen, John (active 1741-1774);Allen, John (1741-1774)
Allen, John (1763-1812);Allen, John (1763-1812)
Allen, John (NA-NA);Allen, John (???NA-NA);Allen, John (NA-NA)
Anderson, Adam (1692-1715);Anderson, Adam (1692-1765);Anderson, Adam (1692-1715)
Anderson, James (1589-NA);Anderson, James (???1589-NA);Anderson, James (1589-NA)
Anderson, James (1662-1728);Anderson, James (1662-1728)
Anderson, James (1680-1739);Anderson, James (1680-1739)
Anderson, James (1739-1808);Anderson, James (1739-1808)
Armstrong, John (1771-1758);Armstrong, John (1771-1797);Armstrong, John (1771-1758)
Bagshaw, Edward (1629-1662);Bagshaw, Edward (1629-1671);Bagshaw, Edward (1629-1662)
Barker, John (1600-1699);Barker, John (active during 1600-1699);Barker, John (1600-1699)
Barker, John (1708-1748);Barker, John (1708-1748)
Barker, John (NA, NA);Barker, John (???NA, NA);Barker, John (NA, NA)
Bingley, William (1738-1799);Bingley, William (1738-1799)
Birch, Thomas (1755-1766);Birch, Thomas (1705-1766);Birch, Thomas (1755-1766)
Black, William (1749-1745);Black, William (1749-1829);Black, William (1749-1745)
Brown, Andrew (1679-1706);Brown, Andrew (active 1679-1706);Brown, Andrew (1679-1706)
Brown, Andrew (1744-1797);Brown, Andrew (1744-1797)
Brown, Andrew (1763-1834);Brown, Andrew (1763-1834)
Browne, John (1580-1659);Browne, John (1580-1659)
Browne, John (1642-1700);Browne, John (1642-1700)
Browne, John (NA-NA);Browne, John (NA-NA)
Browne, Thomas (1604-1673);Browne, Thomas (1604-1673)
Browne, Thomas (1605-1682);Browne, Thomas (1605-1682)
Browne, Thomas (1654-1741);Browne, Thomas (1654-1741)
Browne, Thomas (NA-NA);Browne, Thomas (NA-NA)
Brown, John (1610-1679);Brown, John (1610-1679)
Brown, John (1715-1766);Brown, John (1715-1766)
Brown, John (1722-1787);Brown, John (1722-1787)
Brown, John (1735-1788);Brown, John (1735-1788)
Brown, John (NA, NA);Brown, John (NA, NA)
Brown, Thomas (1663-1704);Brown, Thomas (1663-1704)
Brown, Thomas (1740-1704);Brown, Thomas (???1740-1704);Brown, Thomas (1740-1704)
Burnet, Gilbert (1643-1715);Burnet, Gilbert (1643-1715)
Burnet, Gilbert (1690-1726);Burnet, Gilbert (1690-1726)
Burnet, Thomas (1635-1715);Burnet, Thomas (1635-1715)
Burnet, Thomas (1694-1753);Burnet, Thomas (1694-1753)
Burney, Charles (1726-1814);Burney, Charles (1726-1814)
Burney, Charles (1757-1817);Burney, Charles (1757-1817)
Camm, John (1604-1656);Camm, John (1604-1656)
Camm, John (1718-1778);Camm, John (1718-1778)
Campbell, John (1733-1775);Campbell, John (???1733-1775);Campbell, John (1733-1775)
Campbell, John (NA-1775);Campbell, John (1708-1775);Campbell, John (NA-1775)
Cervantes Saavedra, Miguel De (1547-1616);Cervántes Saavedra, Miguel De (1547-1616);Cervantes Saaevedra, Miguel De;Cervantes Saavedra, M. De (1547-1616);Cervantes Saavedra, Michael De;Cervantes Saavedra, Michel Di;Cervantes Saavedra, Miguel De (1547-1616);Cervantes Saavedra, Miguel De (1547-1818);Cervantes Saavedra, Miguel De (1547-NA);Cervantes Y Saavedra, Miguel De (1547-1616);Cervantes, Mich. De;Cervantes, Michel De;Cervantes, Migu. De;Cervantes, Miguel De;Saavedra, Miguel De Cervantes
Chaloner, Thomas (1521-1565);Chaloner, Thomas (1521-1565)
Chaloner, Thomas (1595-1661);Chaloner, Thomas (1595-1661)
Church, Benjamin (1639-1718);Church, Benjamin (1639-1718)
Church, Benjamin (1734-1778);Church, Benjamin (1734-1778)
Clarke, John (1596-1658);Clarke, John (1596-1658)
Clarke, John (1609-1676);Clarke, John (1609-1676)
Clarke, John (1755-1798);Clarke, John (1755-1798)
Clarke, John (1791-NA);Clarke, John (???1791-NA);Clarke, John (1791-NA)
Clarke, Samuel (1599-1682);Clarke, Samuel (1599-1682)
Clarke, Samuel (1675-1729);Clarke, Samuel (1675-1729)
Clarke, Samuel (1721-NA);Clarke, Samuel (1721-NA)
Clarke, William (1696-1771);Clarke, William (1696-1771)
Clarke, William (1709-1760);Clarke, William (1709-1760)
Cole, William (1616-1653);Cole, William (1616-1698);Cole, William (1616-1653)
Comber, Thomas (1645-1699);Comber, Thomas (1645-1699)
Comber, Thomas (1645-1778);Comber, Thomas (???1645-1778);Comber, Thomas (1645-1778)
Cooke, Edward (1755-1820);Cooke, Edward (1755-1820)
Cooke, Edward (active 1658-1670);Cooke, Edward (active 1658-1670)
Cooke, Edward (NA-1684);Cooke, Edward (1622-1684);Cooke, Edward (NA-1684)
Cooke, Edward (NA-NA);Cooke, Edward (NA-NA)
Cotton, John (1584-1652);Cotton, John (1584-1652)
Cotton, John (1640-1699);Cotton, John (1640-1699)
Cotton, John (1712-1789);Cotton, John (1712-1789)
Cox, Richard (1650-1733);Cox, Richard (1650-1733)
Cox, Richard (1702-1766);Cox, Richard (1702-1766)
Crouch, Nathaniel (1632-1752);Crouch, Nathaniel (1632-1725);Crouch, Nathaniel (1632-1752)
Crowe, William (1745-1829);Crowe, William (1745-1829)
Crowe, William (NA-1743);Crowe, William (1691-1743);Crowe, William (NA-1743)
Daniel, Samuel (1562-1619);Daniel, Samuel (1562-1619)
Daniel, Samuel (1600-1699);Daniel, Samuel (active during 1600-1699);Daniel, Samuel (1600-1699)
Davies, John (1569-1626);Davies, John (1569-1626)
Davies, John (1625-1693);Davies, John (1625-1693)
Day, Thomas (1583-1789);Day, Thomas (active 1583-1583);Day, Thomas (1583-1789)
Day, Thomas (1748-1789);Day, Thomas (1748-1789)
Dickinson, Jonathan (1663-1722);Dickinson, Jonathan (1663-1722)
Dickinson, Jonathan (1688-1747);Dickinson, Jonathan (1688-1747)
Disney, John (1677-1730);Disney, John (1677-1730)
Disney, John (1746-1816);Disney, John (1746-1816)
Downes, John (1661-1719);Downes, John (1661-1719)
Downes, John (1666-NA);Downes, John (1609-1666);Downes, John (1666-NA)
Downes, John (1691-1760);Downes, John (1691-1760)
Du Moulin, Lewis (1606-1674);Du Moulin, Lewis (1606-1680);Du Moulin, Lewis (1606-1674)
Duncan, Alexander (1708-1816);Duncan, Alexander (1708-1795);Duncan, Alexander (1708-1816)
Edwards, Thomas (1599-1647);Edwards, Thomas (1599-1647)
Edwards, Thomas (1693-1699);Edwards, Thomas (active 1693-1699);Edwards, Thomas (1693-1699)
Edwards, Thomas (1699-1757);Edwards, Thomas (1699-1757)
Edwards, Thomas (1729-1785);Edwards, Thomas (1729-1785)
Edwards, Thomas (1776-1810);Edwards, Thomas (1776-1810)
Elder, John (1542-1565);Elder, John (1555-1779);Elder, John (active 1542-1565);Elder, John (1542-1565)
Elder, John (1692-1779);Elder, John (1692-1779)
Eliot, John (1592-1632);Eliot, John (1592-1632)
Eliot, John (1604-1690);Eliot, John (1604-1690)
Ellis, John (1606-1681);Ellis, John (1606-1681)
Ellis, John (1689-1768);Ellis, John (1689-1768)
Ellis, John (1710-1776);Ellis, John (1710-1776)
Essex, Robert Devereux (1566-1601);Essex, Robert Devereux (1566-1601)
Essex, Robert Devereux (1591-1646);Essex, Robert Devereux (1591-1646)
Evelyn, John (1620-1706);Evelyn, John (1620-1706)
Evelyn, John (1655-1699);Evelyn, John (1655-1699)
Fitch, John (1698-NA);Fitch, John (1698-1798);Fitch, John (active 1698-1698);Fitch, John (1698-NA)
Fitch, John (1743-1798);Fitch, John (1743-1798)
Fleetwood, William (1535-1594);Fleetwood, William (1535-1594)
Fleetwood, William (1656-1723);Fleetwood, William (1656-1723)
Fleming, Robert (1630-1694);Fleming, Robert (1630-1694)
Fleming, Robert (1660-1716);Fleming, Robert (1660-1716)
Forbes, Duncan (1644-1704);Forbes, Duncan (1644-1704)
Forbes, Duncan (1685-1747);Forbes, Duncan (1685-1747)
Fox, George (1624-1661);Fox, George (1624-1691);Fox, George (1624-1661)
Fox, William (1736-1826);Fox, William (1736-1826)
Fox, William (1791-1813);Fox, William (active 1791-1813);Fox, William (1791-1813)
Fox, William (NA-NA);Fox, William (???NA-NA);Fox, William (NA-NA)
Franklin, William (1600-1699);Franklin, William (active during 1600-1699);Franklin, William (1600-1699)
Franklin, William (1731-1813);Franklin, William (1731-1813)
Gage, Thomas (1603-1656);Gage, Thomas (1603-1656)
Gage, Thomas (1721-1787);Gage, Thomas (1721-1787)
Gardiner, James (1637-1705);Gardiner, James (1637-1705)
Gardiner, James (1637-1723);Gardiner, James (???1637-1723);Gardiner, James (1637-1723)
Gardiner, James (1637-NA);Gardiner, James (???1637-NA);Gardiner, James (1637-NA)
Gilbert, Thomas (1613-1694);Gilbert, Thomas (1613-1694)
Gilbert, Thomas (1720-1798);Gilbert, Thomas (1720-1798)
Goodwin, Thomas (1587-1642);Goodwin, Thomas (1587-1642)
Goodwin, Thomas (1600-1680);Goodwin, Thomas (1600-1680)
Goodwin, Thomas (1650-1716);Goodwin, Thomas (1650-1716)
Gordon, Alexander (1669-1752);Gordon, Alexander (1669-1752)
Gordon, Alexander (1692-1754);Gordon, Alexander (1692-1754)
Gordon, John (1544-1619);Gordon, John (1544-1619)
Gordon, John (1715-1775);Gordon, John (1715-1775)
Gordon, John (1717-1790);Gordon, John (1717-1790)
Gordon, John (NA-NA);Gordon, John (???NA-NA);Gordon, John (NA-NA)
Gordon, William (1700-1799);Gordon, William (active during 1700-1799);Gordon, William (1700-1799)
Gordon, William (1728-1807);Gordon, William (1728-1807)
Gray, Robert (1500-1699);Gray, Robert (active during 1500-1699);Gray, Robert (1500-1699)
Gray, Robert (1762-1834);Gray, Robert (1762-1834)
Greene, Robert (1558-1592);Greene, Robert (1558-1592)
Greene, Robert (1678-1730);Greene, Robert (1678-1730)
Hale, John (1762-1806);Hale, John (1762-1796);Hale, John (1762-1806)
Hales, Edward (1576-1654);Hales, Edward (1576-1654)
Hales, Edward (1670-1690);Hales, Edward (1670-1690)
Hamilton, Charles (1738-1800);Hamilton, Charles (1738-1800)
Hamilton, Charles (1753-1792);Hamilton, Charles (1753-1792)
Harrington, James (1611-1677);Harrington, James (1611-1677)
Harrington, James (1664-1693);Harrington, James (1664-1693)
Harris, John (1647-NA);Harris, John (active 1647-1647);Harris, John (1647-NA)
Harris, John (1667-1719);Harris, John (1667-1719)
Harris, John (1670-NA);Harris, John (???1670-NA);Harris, John (1670-NA)
Harris, John (1680-1738);Harris, John (1680-1738)
Harris, John (1690-NA);Harris, John (???1690-NA);Harris, John (1690-NA)
Harris, John (NA-NA);Harris, John (???NA-NA);Harris, John (NA-NA)
Harrison, John (1610-1638);Harrison, John (active 1610-1638);Harrison, John (1610-1638)
Harrison, John (1610-1698);Harrison, John (NA-1698);Harrison, John (1610-1698)
Harrison, John (1610-NA);Harrison, John (1610-NA)
Harris, Walter (1600-1799);Harris, Walter (active during 1600-1799);Harris, Walter (1600-1799)
Harris, Walter (1686-1761);Harris, Walter (1686-1761)
Hartley, David (1705-1757);Hartley, David (1705-1757)
Hartley, David (1731-1813);Hartley, David (1731-1813)
Holland, John (1603-1722);Holland, John (1603-1701);Holland, John (1603-1722)
Hollingworth, Richard (1607-1656);Hollingworth, Richard (1607-1656)
Hollingworth, Richard (1639-1701);Hollingsworth, Richard (1639-1701);Hollingworth, Richard (1639-1701)
Horton, Thomas (NA-1649);Horton, Thomas (???NA-1649);Horton, Thomas (NA-1649)
Horton, Thomas (NA-1673);Horton, Thomas (???NA-1673);Horton, Thomas (NA-1673)
Hume, David (1560-1630);Hume, David (1560-1630)
Hume, David (1711-1776);Hume, David (1711-1776)
Humphreys, David (1689-1740);Humphreys, David (1689-1740)
Humphreys, David (1752-1818);Humphreys, David (1752-1818)
Hunter, William (1700-1899);Hunter, William (active during 1700-1899);Hunter, William (1700-1899)
Hunter, William (1755-1812);Hunter, William (1755-1812)
Hutchinson, William (1676-1679);Hutchinson, William (active 1676-1679);Hutchinson, William (1676-1679)
Hutchinson, William (1732-1814);Hutchinson, William (1732-1814)
Jackson, John (1651-1657);Jackson, John (active 1651-1657);Jackson, John (1651-1657)
Jackson, John (1686-1763);Jackson, John (1686-1763)
Jackson, John (1742-NA);Jackson, John (???1742-NA);Jackson, John (1742-NA)
Jackson, John (1795-1810);Jackson, John (active 1795-1810);Jackson, John (1795-1810)
Jackson, William (1730-1803);Jackson, William (1730-1803)
Jackson, William (1737-1795);Jackson, William (1737-1795)
Jenkins, Joseph (1702-1736);Jenkins, Joseph (active 1702-1736);Jenkins, Joseph (1702-1736)
Jenkins, Joseph (1743-1819);Jenkins, Joseph (1743-1819)
Johnson, R (1734-1793);Johnson, R (1772-1793);Johnson, Richard (1734-1793);Johnson, R (1734-1793)
Johnson, Richard (1573-1659);Johnson, Richard (1573-1659)
Johnson, Richard (1600-1699);Johnson, Richard (active during 1600-1699);Johnson, Richard (1600-1699)
Johnson, Robert (1586-1626);Johnson, Robert (active 1586-1626);Johnson, Robert (1586-1626)
Johnson, Robert (1600-1699);Johnson, Robert (active during 1600-1699);Johnson, Robert (1600-1699)
Johnson, Samuel (1649-1703);Johnson, Samuel (1649-1703)
Johnson, Samuel (1696-1772);Johnson, Samuel (1696-1772)
Johnson, Samuel (1709-1784);Johnson, Samuel (1709-1784)
Johnson, William (1600-1699);Johnson, William (active during 1600-1699);Johnson, William (1600-1699)
Johnson, William (1715-1774);Johnson, William (1715-1774)
Johnson, William (1760-1845);Johnson, William (1760-1845)
Johnston, James (1643-1737);Johnston, James (1643-1737)
Johnston, James (1655-1737);Johnston, James (1655-1737)
Jones, David (1676-1720);Jones, David (active 1676-1720);Jones, David (1676-1720)
Jones, David (1736-1820);Jones, David (1736-1820)
Jones, Edward (1752-1824);Jones, Edward (1752-1824)
Jones, Edward (1771-1831);Jones, Edward (active 1771-1831);Jones, Edward (1771-1831)
Jones, John (1645-1709);Jones, John (1645-1709)
Jones, John (1700-1770);Jones, John (1700-1770)
Jones, John (1786-1827);Jones, John (active during 1786-1827);Jones, John (1786-1827)
Jones, William (1631-1682);Jones, William (1631-1682)
Jones, William (1726-1800);Jones, William (1726-1800)
Jones, William (1746-1794);Jones, William (1746-1794)
Jones, William (NA-NA);Jones, William (???NA-NA);Jones, William (NA-NA)
Ker, John (1673-1726);Ker, John (1673-1726)
Ker, John (1673-1741);Ker, John (NA-1741);Ker, John (1673-1741)
King, William (1650-1729);King, William (1650-1729)
King, William (1663-1712);King, William (1663-1712)
King, William (1685-1763);King, William (1685-1763)
Knox, John (1514-1572);Knox, John (1505-1572);Knox, John (1514-1572)
Knox, John (1720-1790);Knox, John (1720-1790)
Knox, John (NA-1778);Knox, John (active 1778-1778);Knox, John (NA-1778)
Leland, John (1691-1766);Leland, John (1691-1766)
Leland, John (1754-1841);Leland, John (1754-1841)
Lewis, John (1702-1747);Lewis, John (1702-NA);Lewis, John (1702-1747)
Lewis, John (NA-1747);Lewis, John (1675-1747);Lewis, John (NA-1747)
Lilly, William (1602-1675);Lilly, William (1602-1681);Lilly, William (1602-1675)
Lindsay, David (1490-1555);Lindsay, David (1490-1555)
Lindsay, David (1490-1641);Lindsay, David (1575-1641);Lindsay, David (1490-1641)
Lockhart, George (1683-1732);Lockhart, George (1681-1732);Lockhart, George (1683-1732)
Marsh, Henry (1663-1664);Marsh, Henry (active 1663-1664);Marsh, Henry (1663-1664)
Marsh, Henry (1720-1664);Marsh, Henry (???1720-1664);Marsh, Henry (1720-1664)
Marsh, John (1600-1699);Marsh, John (active during 1600-1699);Marsh, John (1600-1699)
Marsh, John (1742-1821);Marsh, John (1742-1821)
Mason, Robert (1600-1699);Mason, Robert (active during 1600-1699);Mason, Robert (1600-1699)
Mason, Robert (1789-NA);Mason, Robert (1789-1699);Mason, Robert (active 1789-1789);Mason, Robert (1789-NA)
Mason, William (1672-1709);Mason, William (active 1672-1709);Mason, William (1672-1709)
Mason, William (1719-1791);Mason, William (1719-1791)
Mason, William (1725-1797);Mason, William (1725-1797)
Maynard, John (1592-1658);Maynard, John (1592-1658)
Maynard, John (1602-1690);Maynard, John (1602-1690)
May, Thomas (1595-1650);May, Thomas (1595-1650)
May, Thomas (1645-1718);May, Thomas (1645-1718)
Melville, James (1535-1617);Melville, James (1535-1617)
Melville, James (1556-1614);Melville, James (1556-1614)
Middleton, Thomas (1586-1666);Middleton, Thomas (1586-1666)
Middleton, Thomas (1600-1699);Middleton, Thomas (active during 1600-1699);Middleton, Thomas (1600-1699)
Middleton, Thomas (NA-1627);Middleton, Thomas (1580-1627);Middleton, Thomas (NA-1627)
Morgan, J (1739-NA);Morgan, J (???1739-NA);Morgan, J (1739-NA)
Morgan, J (1752-NA);Morgan, J (???1752-NA);Morgan, J (1752-NA)
Morgan, Thomas (NA-1679);Morgan, Thomas (???NA-1679);Morgan, Thomas (NA-1679)
Morgan, Thomas (NA-1743);Morgan, Thomas (NA-1743)
Morley, Thomas (1689-NA);Morley, Thomas (1689-1603);Morley, Thomas (active 1689-1689);Morley, Thomas (1689-NA)
Morley, Thomas (NA-1603);Morley, Thomas (1557-1603);Morley, Thomas (NA-1603)
Morton, Thomas (1575-1646);Morton, Thomas (1575-1646)
Morton, Thomas (1600-1699);Morton, Thomas (active during 1600-1699);Morton, Thomas (1600-1699)
Newcomb, Thomas (1682-1691);Newcomb, Thomas (???1682-1691);Newcomb, Thomas (1682-1691)
Newcomb, Thomas (1682-1765);Newcomb, Thomas (1682-1765)
Newton, William (1735-1744);Newton, William (???1735-1744);Newton, William (1735-1744)
Newton, William (1735-1790);Newton, William (1735-1790)
Newton, William (1735-NA);Newton, William (???1735-NA);Newton, William (1735-NA)
Norton, John (1606-1663);Norton, John (1606-1663)
Norton, John (1715-1778);Norton, John (1715-1778)
Oswald, James (1711-1769);Oswald, James (1711-1769)
Oswald, James (1711-1793);Oswald, James (1703-1793);Oswald, James (1711-1793)
Owen, John (1616-1683);Owen, John (1616-1683)
Owen, John (1766-1822);Owen, John (1766-1822)
Owen, John (NA-NA);Owen, John (???NA-NA);Owen, John (NA-NA)
Palmer, Samuel (1741-1724);Palmer, Samuel (???1741-1724);Palmer, Samuel (1741-1724)
Palmer, Samuel (1741-1732);Palmer, Samuel (1692-1732);Palmer, Samuel (1741-1732)
Palmer, Samuel (1741-1813);Palmer, Samuel (1741-1813)
Parkinson, James (1653-1722);Parkinson, James (1653-1722)
Parkinson, James (1755-1824);Parkinson, James (1755-1824)
Patten, William (1548-1580);Patten, William (active 1548-1580);Patten, William (1548-1580)
Patten, William (1763-1839);Patten, William (1763-1839)
Pemberton, Israel (1685-1754);Pemberton, Israel (1685-1754)
Pemberton, Israel (1715-1779);Pemberton, Israel (1715-1779)
Penn, William (1644-1718);Penn, William (1644-1718)
Penn, William (1776-1845);Penn, William (1776-1845)
Phillips, John (1570-1591);Phillips, John (active 1570-1591);Phillips, John (1570-1591)
Phillips, John (1631-1706);Phillips, John (1631-1706)
Pitt, William (1708-1778);Pitt, William (1708-1778)
Pitt, William (1759-1806);Pitt, William (1759-1806)
Preston, Thomas (1537-1598);Preston, Thomas (1537-1598)
Preston, Thomas (1563-1640);Preston, Thomas (1563-1640)
Preston, William (1742-1818);Preston, William (1742-1818)
Preston, William (1753-1807);Preston, William (1753-1807)
Price, John (1502-1555);Price, John (1502-1555)
Price, John (1600-1699);Price, John (active during 1600-1699);Price, John (1600-1699)
Price, John (1625-1691);Price, John (1625-1691)
Price, John (NA-NA);Price, John (???NA-NA);Price, John (NA-NA)
Ramsay, James (1733-1824);Ramsay, James (1733-1789);Ramsay, James (1733-1824)
Richards, George (1755-1814);Richards, George (1755-1814)
Richards, George (1767-1837);Richards, George (1767-1837)
Richardson, William (1743-1814);Richardson, William (1743-1814)
Richardson, William (1778-1815);Richardson, William (active 1778-1815);Richardson, William (1778-1815)
Roberts, John (1712-1772);Roberts, John (1712-1772)
Roberts, John (1785-1772);Roberts, John (???1785-1772);Roberts, John (1785-1772)
Robertson, William (1721-1793);Robertson, William (1721-1793)
Robertson, William (1740-1803);Robertson, William (1740-1803)
Roberts, William (1673-NA);Roberts, William (???1673-NA);Roberts, William (1673-NA)
Roberts, William (1763-NA);Roberts, William (active 1763-1763);Roberts, William (1763-NA)
Robinson, John (1600-1699);Robinson, John (active during 1600-1699);Robinson, John (1600-1699)
Robinson, John (1650-1723);Robinson, John (1650-1723)
Robinson, John (1672-NA);Robinson, John (???1672-NA);Robinson, John (1672-NA)
Robinson, John (NA-NA);Robinson, John (???NA-NA);Robinson, John (NA-NA)
Rogers, John (1560-1580);Rogers, John (active 1560-1580);Rogers, John (1560-1580)
Rogers, John (1627-1665);Rogers, John (1627-1665)
Rogers, John (1679-1729);Rogers, John (1679-1729)
Ross, Alexander (1591-1654);Ross, Alexander (1591-1654)
Ross, Alexander (1647-1720);Ross, Alexander (1647-1720)
Ross, Alexander (NA-NA);Ross, Alexander (???NA-NA);Ross, Alexander (NA-NA)
Ruggles, Thomas (1704-1770);Ruggles, Thomas (1704-1770)
Ruggles, Thomas (1737-1813);Ruggles, Thomas (1737-1813)
Russell, Thomas (1642-1803);Russell, Thomas (active 1642-1642);Russell, Thomas (1642-1803)
Russell, Thomas (NA-1803);Russell, Thomas (1767-1803);Russell, Thomas (NA-1803)
Russell, William (1639-1683);Russell, William (1639-1683)
Russell, William (1741-1793);Russell, William (1741-1793)
Ryland, John (1723-1792);Ryland, John (1723-1792)
Ryland, John (1753-1825);Ryland, John (1753-1825)
Salmon, Thomas (1648-1706);Salmon, Thomas (1648-1706)
Salmon, Thomas (1679-1767);Salmon, Thomas (1679-1767)
Scott, John (1639-1695);Scott, John (1639-1695)
Scott, John (1730-1783);Scott, John (1730-1783)
Scott, Thomas (1580-1626);Scott, Thomas (1580-1626)
Scott, Thomas (1580-1660);Scott, Thomas (NA-1660);Scott, Thomas (1580-1660)
Sewell, John (1734-1802);Sewell, John (1734-1802)
Sewell, John (1793-1802);Sewell, John (active 1793-1793);Sewell, John (1793-1802)
Shakespeare, William (1564-1616);Shakespeare, W;Shakespeare, William;Shakespeare, William (1564-1616);Shakspeare, William
Shaw, John (1559-1625);Shaw, John (1559-1625)
Shaw, John (1614-1689);Shaw, John (1614-1689)
Sheppard, William (NA-1675);Sheppard, William (NA-1675)
Sheppard, William (NA-1724);Sheppard, William (???NA-1724);Sheppard, William (NA-1724)
Sheridan, Thomas (1646-1688);Sheridan, Thomas (1646-1688)
Sheridan, Thomas (1719-1788);Sheridan, Thomas (1719-1788)
Shirley, William (1694-1771);Shirley, William (1694-1771)
Shirley, William (1739-1780);Shirley, William (1739-1780)
Simon, Richard (1632-1712);Simon, Richard (1638-1712);Simon, Richard (1632-1712)
Skinner, John (1624-NA);Skinner, John (1624-1807);Skinner, John (active 1624-1624);Skinner, John (1624-NA)
Skinner, John (1721-1807);Skinner, John (1721-1807)
Southwell, Robert (1561-1595);Southwell, Robert (1561-1595)
Southwell, Robert (1635-1702);Southwell, Robert (1635-1702)
Sower, christopher (1695-1758);Sower, christopher (1695-1758)
Sower, christopher (1754-1799);Sower, christopher (1754-1799)
Stennett, Joseph (1663-1713);Stennett, Joseph (1663-1713)
Stennett, Joseph (1692-1758);Stennett, Joseph (1692-1758)
Stephens, Edward (1640-1660);Stephens, Edward (active 1640-1660);Stephens, Edward (1640-1660)
Stephens, Edward (1640-1706);Stephens, Edward (???1640-1706);Stephens, Edward (1640-1706)
Stephens, William (1671-1718);Stephens, William (1647-1718);Stephens, William (1671-1718)
Stephens, William (1671-1753);Stephens, William (1671-1753)
Stewart, James (1635-1713);Stewart, James (1635-1713)
Stewart, James (1635-1715);Stewart, James (1635-1715)
Still, John (1761-1839);Still, John (???1761-1839);Still, John (1761-1839)
Still, John (1795-1839);Still, John (???1795-1839);Still, John (1795-1839)
Stoughton, William (1584-NA);Stoughton, William (active 1584-1584);Stoughton, William (1584-NA)
Stoughton, William (1632-1702);Stoughton, William (1632-1701);Stoughton, William (1632-1702)
Stoughton, William (NA-1718);Stoughton, William (???NA-1718);Stoughton, William (NA-1718)
Taylor, John (1580-1653);Taylor, John (1580-1653)
Taylor, John (1704-1766);Taylor, John (1704-1766)
Taylor, John (NA-1808);Taylor, John (???NA-1808);Taylor, John (NA-1808)
Taylor, John (NA-NA);Taylor, John (???NA-NA);Taylor, John (NA-NA)
Thomas, John (1600-1699);Thomas, John (active during 1600-1699);Thomas, John (1600-1699)
Thomas, John (1691-1766);Thomas, John (1691-1766)
Thomas, John (1736-1769);Thomas, John (1736-1769)
Thompson, William (1730-1649);Thompson, William (???1730-1649);Thompson, William (1730-1649)
Thompson, William (1730-1800);Thompson, William (1730-1800)
Trapp, Joseph (1749-1747);Trapp, Joseph (1679-1747);Trapp, Joseph (1749-1747)
Trumbull, John (1750-1831);Trumbull, John (1750-1831)
Trumbull, John (1756-1843);Trumbull, John (1756-1843)
Turner, John (1650-1720);Turner, John (1660-1720);Turner, John (1650-1720)
Vernon, Edward (1669-1743);Vernon, Edward (???1669-1743);Vernon, Edward (1669-1743)
Vernon, Edward (1684-1757);Vernon, Edward (1684-1757)
Waller, edmund (1606-1687);Waller, edmund (1606-1687)
Waller, edmund (1699-1771);Waller, edmund (1699-1771)
Waller, William (1597-1668);Waller, William (1597-1668)
Waller, William (1597-1699);Waller, William (1639-1699);Waller, William (1597-1699)
Wall, John (1588-1666);Wall, John (1588-1666)
Wall, John (1620-1679);Wall, John (1620-1679)
Ward, John (1642-1643);Ward, John (active 1642-1643);Ward, John (1642-1643)
Ward, John (1642-1665);Ward, John (???1642-1665);Ward, John (1642-1665)
Warner, John (1628-1648);Warner, John (NA-1648);Warner, John (1628-1648)
Warner, John (1628-1692);Warner, John (1628-1692)
Warner, John (1628-NA);Warner, John (???1628-NA);Warner, John (1628-NA)
Watson, John (1597-1783);Watson, John (1597-NA);Watson, John (1597-1783)
Watson, John (1725-1783);Watson, John (1725-1783)
Watson, Richard (1612-1685);Watson, Richard (1612-1685)
Watson, Richard (1737-1816);Watson, Richard (1737-1816)
Webster, Samuel (1718-1796);Webster, Samuel (1718-1796)
Webster, Samuel (1743-1777);Webster, Samuel (???1743-1777);Webster, Samuel (1743-1777)
Wharton, George (1596-1672);Wharton, George (1596-1672)
Wharton, George (1617-1681);Wharton, George (1617-1681)
Whitehead, John (1630-1696);Whitehead, John (1630-1696)
Whitehead, John (1740-1804);Whitehead, John (1740-1804)
White, John (1575-1648);White, John (1575-1648)
White, John (1590-1645);White, John (1590-1645)
White, John (1685-1755);White, John (1685-1755)
Wilkes, John (1727-1797);Wilkes, John (1725-1797);Wilkes, John (1727-1797)
Wilkinson, Henry (1610-1675);Wilkinson, Henry (1610-1675)
Wilkyinson, Henry (1600-1699);Wilkinson, Henry (active during 1600-1699);Wilkyinson, Henry (1600-1699)
Willard, Joseph (1738-1804);Willard, Joseph (1738-1804)
Willard, Joseph (1741-1828);Willard, Joseph (1741-1828)
Williams, John (1664-1729);Williams, John (1664-1729)
Williams, John (1783-NA);Williams, John (???1783-NA);Williams, John (1783-NA)
Williams, John (NA-1791);Williams, John (???NA-1791);Williams, John (NA-1791)
Williams, John (NA-NA);Williams, John (???NA-NA);Williams, John (NA-NA)
Williams, Roger (1540-1595);Williams, Roger (1540-1595)
Williams, Roger (1604-1683);Williams, Roger (1604-1683)
Williams, Roger (NA-NA);Williams, Roger (???NA-NA);Williams, Roger (NA-NA)
Williams, William (1613-NA);Williams, William (???1613-NA);Williams, William (1613-NA)
Williams, William (1634-1700);Williams, William (1634-1700)
Williams, William (1665-1741);Williams, William (1665-1741)
Williams, William (1717-1791);Williams, William (1717-1791)
Williams, William (1731-1811);Williams, William (1731-1811)
Williams, William (NA-1785);Williams, William (???NA-1785);Williams, William (NA-1785)
Williams, William (NA-NA);Williams, William (???NA-NA);Williams, William (NA-NA)
Wilson, John (1588-1667);Wilson, John (1588-1667)
Wilson, John (1626-1696);Wilson, John (1626-1696)
Wilson, John (1654-1719);Wilson, John (1654-1719)
Wilson, John (NA-NA);Wilson, John (???NA-NA);Wilson, John (NA-NA)
Wilson, William (1690-1741);Wilson, William (1690-1741)
Wilson, William (1762-1800);Wilson, William (1762-1800)
Wishart, George (1599-1671);Wishart, George (1599-1671)
Wishart, George (1703-1785);Wishart, George (1703-1785)
Wood, William (1629-1635);Wood, William (active 1629-1635);Wood, William (1629-1635)
Wood, William (1688-1635);Wood, William (???1688-1635);Wood, William (1688-1635)
Wright, Thomas (1707-1754);Wright, Thomas (???1707-1754);Wright, Thomas (1707-1754)
Wright, Thomas (1758-1812);Wright, Thomas (???1758-1812);Wright, Thomas (1758-1812)
Wright, Thomas (NA-NA);Wright, Thomas (???NA-NA);Wright, Thomas (NA-NA)
Young, William (1725-1788);Young, William (1725-1788)
Young, William (1749-1815);Young, William (1749-1815)
