name;synonyme;comment
Amwythig;Argraphwŷd y mwŷthig;
Boston England;boston england;
Cambridge;cambridge england;
York;Ebor;
Helsingor;helsingor;
Paris;lutetiae parisiorum paris londini;
Newport RI;Novum portum ri;
Le Mans;le mans;
Buenos Aires;buenos aires;
Leipzig;Leipzig zuellichau;
London;Londinii augustae;
Amsterdam;amsterdam id;
Amsterdam;Amsterdam john johnson bookseller dwelling upon water passe card;
Amsterdam;anno dni amsterdam;
Boston Ma;Bostonae new england;
Boston Ma;Bostoniae new england;
Boston Ma;Bostoni new england;
Boston Ma;Bostoni new england mdccxxxiii;
Boston England;boston england;
Cambridge Ma;cambridge england mass;
Cambridge Ma;cantabrigiae new england;
Cambridge Ma;cantabrigiae new englande;
Cambridge Ma;cantabrigiae new england l;
Cambridge Ma;cantabrigia new england;
Canterbury;Canterbury england;
The Hague;haye hague;
The Hague;haye london;
London;i l lvndain;
Lancester Pa;lancester pa;
London;Londres neuchatel;
Cambridge;cantabrigiam;
Oxford;oxoniensi;
London;westmonasterium london;
Wilmington n rth carolina;
Bergen;bergen stockholm kjobenhavn
Turku;enthlimmenon aboe
Madrid;madrid
Venice;venice
Paris;paris 
Sevilla;sevilla
Valencia;valencia
The Hague;la haie 
Liège;li\x8fge
Liège;lie\?ge
Lausanne;lausanne
Lausanne;lausanne geneve 
Paris;Lo paris
Brussels;bruselas
Madrid;madrid madrid 
The Hague;haya
Delft;delft 
Valencia;valencia valencia 
Copenhagen;kio\?benhavn 
Amsterdam;amsterdam
Leipzig;leipsique
Frankfurt;frankfurt leipzig 
Madrid;dadrid por de la cuesta casa de f de robles 
Chatham;chatham;
Madrid;madr
Madrid;madrid real costa de m de la bastida
The Hague;haia
The Hague;haye
Sevilla;seuilla
Brussels;brucelas
Crewkerne;crewekerne;
Brussels;brusselas 
Brussels;brvselas
Sevilla;seuilla 
Helsinki;gel singfors;
Helsinki;gel singfors гельсингфорсъ;
Helsinki;gel singfrs;
Helsinki;gel zingfors;
Helsinki;p gel singfors;
Stockholm;stokgol m;
Worcester Ma;columbia worcester massachusetts;
Columbia SC;columbia;
Aachen;aix la chapelle;
Aarhus;århus;
Aarhus;occidentalis arhusae;
Abartawe;swansea;
Aberdaugleddau;milford haven;
Aberdeen;abedreen;
Aberdeen;ab erdeen;
Aberdeen;aberdeen aberdeen;
Aberdeen;aberdeene;
Aberdeen;aberdeen scotland;
Aberdeen;aberdeis;
Aberdeen;aberden;
Aberdeen;aberdene;
Aberdeen;aberdoniae;
Aberdeen;aberdoniae;
Aberdeen;aberdonie;
Aberdeen;aberdoniis;
Aberdeen;abredaeis;
Aberdeen;abredeis;
Aberdeen;ab redoniae;
Aberdeen;abredoniae;
Aberdeen;ab redoniae;
Aberdeen;abredoniae;
Aberdeen;abredoniae aeerdene;
Aberdeen;abredoniis;
Aberdeen;aeerdeen;
Aberdeen;aeerdene;
Aberdeen;abredeis aberdeen;
Aberhonddu;brecknock;
Aberhonddu;brecon;
Bethania NC;bethania nc;
Abermaw;barmouth;
Adpar;trefhedyn;
Aix-en-Provence;aix;
Albany NY;albany;
Albany NY;albany york;
Albany NY;albany america;
Alcester;aulcester;
Aldershot;aldershot farnham surry;
Aldershot;aldershot surry;
Aldershot;aldershot farnham;
Alexandria Va;alexandria;
Alexandria Va;alexandriava;
Alexandria Va;alexandria virginia;
Alfend;alfeld leine;
Alfend;alfend;
Almena Wi;almena;
Almena Wi;almena wis;
Almena Wi;almena wisconsin;
Alnwick;alnwick;
Alnwick;alnwick england;
Alston;alston england;
Altdorf;altdorfi;
Altenburg;altenbourg;
Altenburg;altenburgh;
Altenstein;alten stetin;
Altenstein;alten stettin;
London;white hall;
America;americae;
Amherst NH;amherst;
Amherst NH;amherst new hampshire;
Amherst NH;amherst newhampshire;
Amsterdam;Amstelaedami londini;
Amsterdam;amsterdam;
Amsterdam;amsterdam;
Amsterdam;amstelaedami;
Amsterdam;amsteldam;
Amsterdam;amsteldam et a leipzig;
Amsterdam;amsteldami;
Amsterdam;amsteldam leipzig;
Amsterdam;amstelodami;
Amsterdam;amstelredam;
Amsterdam;amstelrodam;
Amsterdam;amstelrodami;
Amsterdam;amsterdam edinburgh;
Amsterdam;amsterdam et a leipzig;
Amsterdam;amsterdam hage;
Amsterdam;amsterdam in the;
Amsterdam;amsterdam leipzig;
Amsterdam;amsterdam london;
Amsterdam;amsterdam netherlands;
Amsterdam;amsterledam;
Amsterdam;amsterodam;
Amsterdam;amsterodami;
Amsterdam;holland;
Amsterdam;netherlands;
Amsterdam;tamsteldam;
Amsterdam;amsterdam;
Amsterdam;t'amsterdam;
Amsterdam;tʼamsterdam;
Amsterdam;tamsterdam;
Amsterdam;the netherlands;
Amsterdam;low countries;
Amwythig;argraphw d yn y mw thig;
Amwythig;argraphwŷd yn y mwŷthig;
Amwythig;mw;
Amwythig;mwythig;
Amwythig;mwythyg;
Amwythig;sal op;
Amwythig;salop;
Amwythig;salopiae;
Amwythig;shewsbury;
Amwythig;shrewsdury;
Amwythig;shrewshury;
Amwythig;shrowsbury;
Amwythig;snobury;
Amwythig;wales;
Amwythig;mwythig;
Amwythig;mwythig shrewsbury;
Andover Ma;andover;
Andover Ma;andover mass;
Annapolis Md;annapolis;
Annapolis Md;annapolis maryland;
Annapolis Md;annapolis north america;
Annapolis Md;maryland;
Annapolis Md;maryland annapolis;
Antwerp;agayne antwerpe;
Antwerp;andewarpe;
Antwerp;andwarp;
Antwerp;andwarpe;
Antwerp;antuarpe;
Antwerp;antuerpe;
Antwerp;antuerpiae;
Antwerp;antuerpiae;
Antwerp;antuerpie;
Antwerp;antverpiae;
Antwerp;antvverp;
Antwerp;antvverpe;
Antwerp;antvvorpe;
Antwerp;antwarp;
Antwerp;antwerpe;
Antwerp;antwerpe me godfroy back;
Antwerp;antwerpen;
Antwerp;antwerpi;
Antwerp;antwerpiae;
Antwerp;antwerpiae;
Antwerp;antwerpie;
Antwerp;antwerp london;
Antwerp;antwerp londonij;
Antwerp;antworp;
Antwerp;antworpe;
Antwerp;anuers;
Antwerp;anvers;
Antwerp;anwarpe;
Antwerp;anwerp;
Antwerp;anwerpe;
Antwerp;anwerpies um oppido;
Antwerp;anwerpies̃um oppido;
Antwerp;cytie anwarpe;
Antwerp;duchye braband andewarpe;
Antwerp;andewerpe;
Antwerp;antwerpie;
Antwerp;fue la muy noble villa de anuers;
Antwerp;antwerpie p er me gerardum leeu;
Antwerp;anwerpie;
Antwerp;antwerpie;
Antwerp;nuers;
Antwerp;this andwerp;
Appelby-in-Westmorland;appelby westmorland;
Appelby-in-Westmorland;appleby;
Archangelsk;Arhangel sk;
Archangelsk;arhangel'sk';
Archangelsk;arhangel'sk'';
Archangelsk;arhangelsk;
Ashby-de-la-Zouch;ashby de la zouch;
Ashtabula Oh;ashtabula;
Ashtabula Oh;ashtabula ohio;
Askersund;askersundiae;
Astoria Or;astoria;
Astoria Or;astoria ore;
Astoria Or;astoria oregon;
Athlone;athlone ireland;
Augsburg;augustae vindel augsburg;
Augsburg;augustae vindel friburgi brisg;
Augsburg;augustae vind friburg brisg;
Augsburg;vind augsburg;
Augusta;augusta;
Augusta;augustae;
Savannah Ga;georgia;
Augusta Me;augusta district maine;
Augusta Me;augusta kennebeck;
Augusta Me;augusta kennebeck me;
Augusta Me;maine;
Avignon;auenione;
Ayr;aerae;
Ayr;aeris;
Ayr;air;
Ayr;aire;
Ayr;ayr;
Ayr;air scotland;
Ballston Spa NY;ballston ny;
Ballston Spa NY;ballston saratoga county ballston spa ny;
Ballston Spa NY;ballston saratoga county ny;
Baltimore Md;baltimore maryland;
Baltimore Md;baltimore;
Baltimore Md;baltimore town;
Baltimore Md;baltimori;
Baltimore Md;baltimore ma;
Bampton;bampton oxon;
Barkhamsted Ct;barkhamsted;
Barnard Castle;bar hardcastle;
Barnard Castle;barnardcastle;
Barton-upon-Humber;barton on humber;
Barton-upon-Humber;barton upon humber;
Basel;basil;
Basel;basileae;
Basel;basle;
Basel;basil paris;
Basseterre Saint Kitts;Basseterre st christopher s;
Basseterre Saint Kitts;basseterre st christopher e st kitts nevis
Basseterre Saint Kitts;basse terre guadeloupe;
Basseterre Saint Kitts;basseterre st christophers;
Basseterre Saint Kitts;basseterre in st christopher s st kitts nevis;
Basseterre Saint Kitts;basseterre st christopher s st kitts nevis;
Basseterre Saint Kitts;guadaloupe;
Basseterre Saint Kitts;la basse terre;
Basseterre Saint Kitts;saint christopher;
Basseterre Saint Kitts;basseterre in st christopher;
Basseterre Saint Kitts;basseterre in st christophers st kitts nevis;
Basseterre Saint Kitts;basseterre st christopher;
Basseterre Saint Kitts;basseterre st christophers st kitts nevis;
Basseterre Saint Kitts;basseterre st christopher st kitts nevis;
Basseterre Saint Kitts;st christopher;
Basseterre Saint Kitts;st kitts nevis;
Basseterre Saint Kitts;st christophers;
Bastia;bastia corsica;
Bath;bath\;
Bath;bathoniae;
Bath;bath england;
Bath NY;bath county of steuben new york;
Bath NY;bath county steuben state new york;
Bedford Ma;bedford mass;
Bedford Ma;bedford massachusetts;
Belfast;bel fast;
Belfast;belfastiensi;
Belfast;belfast ireland;
Belfast;belfast northern ireland;
Bennington Vt;bennington;
Bennington Vt;bennington vermont;
Bennington Vt;benning ton vt;
Bennington Vt;vermont bennington;
Bennington Vt;bennington rutland vermont;
Bergen;bergen stockholm kjobenhavn;
Berkhamsted;berkhamsed;
Berlin;berliini;
Berlin;berlin';
Berlin;berlin berlin;
Berlin;berlin' berlin;
Berlin;berlin charlottenburg;
Berlin;berlin grunewald;
Berlin;berlin leipzig;
Berlin;berlin und stettin;
Bern;berna;
Bern;berne;
Berwick-upon-Tweed;berwick england;
Berwick-upon-Tweed;berwick;
Berwick-upon-Tweed;berwick on tweed;
Berwick-upon-Tweed;berwick upon tweed;
Besançon;besanc̜on;
Bethlehem Pa;bey bethlehem pa fork dellawar;
Birmingham;birm ingham;
Birmingham;birminghamae;
Birmingham;birmingham england;
Birmingham;birminghamiae;
Birmingham;birminghamiae;
Birmingham;brimingham;
Bishop's Castle;bishops castle;
Bishopstone;bishopstone sussex;
Bishopstone;sussex;
Blackwell;blackwell grange;
Blandford;blandford;Blandford Forum/Blandford Va
Blandford Forum;blandford forum;
Blandford Va;blandford va;
Bodedern;bodedern or bala;
Bödingen;buedingen;
Bologna;bononiae;
Bologna;bovlongne;
Bombay;bombay india;
Bontfaen;cowbridge;
Boston Ma;mass;
Boston Ma;Mass england;
Boston Ma;bostn;
Boston Ma;bosto n;
Boston Ma;boston;
Boston Ma;bostoniae;
Boston Ma;bostonut;
Boston Ma;america boston;
Boston Ma;america ie boston;
Boston Ma;bay state boston;
Boston Ma;bostonae nov anglorum;
Boston Ma;bostonae nov anglorum;
Boston Ma;boston america;
Boston Ma;boston cambridge mass;
Boston Ma;boston commonwealth of massachusetts;
Boston Ma;bostoniae america;
Boston Ma;bostoniae america;
Boston Ma;bostoni aelig;
Boston Ma;bostoniae nov ang;
Boston Ma;bostoni massachusettensium;
Boston Ma;boston in america;
Boston Ma;boston in n eaboston ma;
Boston Ma;boston in new england;
Boston Ma;boston in new england and london;
Boston Ma;bostoni nov anglorum;
Boston Ma;bostoni nov anglorum mdccxxxiii;
Boston Ma;boston lincs;
Boston Ma;boston mass;
Boston Ma;boston massachusetts;
Boston Ma;boston n e mass;
Boston Ma;boston new england;
Boston Ma;boston new england london;
Boston Ma;boston north america;
Boston Ma;massachuset;
Boston Ma;massachuset boston;
Boston Ma;massachusetts;
Boston Ma;massachusetts boston;
Boston Ma;massachusetts state boston;
Boston Ma;masschuset boston;
Boston Ma;masschusetts;
Boston Ma;masschusetts boston;
Boston Ma;new england;
Boston Ma;state massachusetts bay boston;
Boston Ma;state of massachusetts bay boston;
Charlottetown;charlotte town island saint john;
Charlottetown;charlotte town;
Charlottetown;charlottetown;
Charleston SC;charleston;
Charleston SC;charleston south carolina;
Charleston SC;charles town;
Charleston SC;charlestown;
Charleston SC;charles town sc;
Charleston SC;charlestown sc;
Charleston SC;charles town south carolina;
Charleston SC;charlestown south carolina;
Charleston SC;charlestown state south carolina;
Charleston SC;charlston sc;
Charleston SC;south carolina;
Charleston SC;south carolina charlestown;
Charleston SC;south carolina charles town;
Charleston SC;south carolina charles town sc;
Boston Ma;charlestown ma;This really is in Boston and different from Charlestown
Boston Ma;charlestown mass;This really is in Boston and different from Charlestown
Boston Ma;charlestown massachusetts;This really is in Boston and different from Charlestown
Boston Ma;charlestown charleston;This really is in Boston and different from Charlestown
Boston Ma;charleston mass;This really is in Boston and different from Charlestown/Charleston
Boston Ma;massachusetts charlestown;This is in Boston and different from Charlestown/Charleston
Boston Ma;america massachusetts boston;
Boston Ma;boston philadelphia;
Boston Ma;boston muenchen;
Boston Ma;boston massachuset;
Boston Ma;boston london;
Boston Ma;england boston;
Boston Ma;bostoniae boston;
Boston Ma;america england boston;
Bradford;bradforth;
Braniewo;brunnsvik;
Braniewo;brvnsbergae;
Braniewo;brvnsvigae;
Brattleboro Vt;brattleborough vermont;
Brattleboro Vt;brattleboro vermont;
Bremen;bremae;
Bremen;bremen london;
Brentford;brentford england;
Bridgeport Ct;bridgeport;
Bridgeport Ct;bridgeport conn;
Bridgeport Ct;bridgeport connecticut;
Bridgetown;bridge town;
Bridgetown;bridgetown barbados;
Bridgetown;barbados bridgetown;
Bridgetown;barbadoes;
Bridgetown;barbados;
Bridgetown;bridge town barbados;
Bridgewater Ma;bridgewater;
Bridgewater Ma;bridgwater;
Brighton;brighthelmston;
Brighton;brighthelmstone;
Bristol;bristo;
Bristol;bristol england;
Bristol;bristoliae;
Bristol;bristolii;
Bristol;bristoll;
Bristol;bristoll avon;
Bristol;brysto;
Bristol;mristo;
Bristol;mristol;
Bristol NY;bristol york;check
Bristol NY;Bristol NY;
Bromley;bromley kent;
Brookfield Ma;brookfield;
Brookfield Ma;brookfield mass;
Brookfield Ma;brookfield massachusetts;
Brookville Pa;brookville;
Bruges;bruges flandrorum;
Bruges;bruxells;
Brunn;bru nn;
Brunn;bru nn;
Brunn;brunn;
Brunswick Ma;brunswick;
Brussels;bruxelle;
Brussels;bruxelles;
Brussels;bruxellis;
Budapest;buda;
Budapest;pest;
Budapest;pesten;
Burlington NJ;burlington;1700-luvulla kai isompi kaupunki kuin Vermont
Burlington NJ;burlington in new jersey;
Burlington NJ;burlington new jersey;
Burlington Vt;burlington vermont;
Burlington Vt;burlington state vermont;
Burlington Vt;burlington vermont;
Burton;burton upon trent;
Bury;bury england;
Bury;bury suffolk;
Bury St Edmunds;bury st edmunds england;
Bury St Edmunds;st edmunds bury bury st edmunds england;
Caerdydd;cardiff;
Caerfyrddin;caerfryddin;
Caerfyrddin;caerfyddin;
Caerfyrddin;caer fyrddin;
Caerfyrddin;caerfyrrddin;
Caerfyrddin;caeryrddin;
Caerfyrddin;camarthen;
Caerfyrddin;carmathen;
Caerfyrddin;caerfyrddin carmarthen;
Caerfyrddin;caer ferddin;
Caerfyrddin;caerfyrddin;
Caerfyrddin;caerfyrddin carmarthen wales;
Caerfyrddin;carmarthen wales;
Caergybi;holyhead;
Caerleon;caer lleon;
Caerleon;caerlleon;
Caerleon;caer llewon;
Caerleon;caerlluon;
Caernarfon;caer grawnt;
Caernarfon;caernarfon carnarvon wales;
Caernarfon;caernarvon;
Caernarfon;carnarvon;
Calcutta;calcuta;
Calcutta;calcutta india;
Calicut;calicute;
Calumet Mi;calumet;
Calumet Mi;calumet mich;
Calumet Mi;calumet michigan;
Cambridge;cambridge b c legge vniversitie cambridge;
Cambridge;est haec oratiũcula cantabrigiae
Cambridge;praedaram cantabrigiam;
Cambridge;preclarem cantabrigiam;
Cambridge;caergrawnt;
Cambridge;cambridg;
Cambridge;cambridge cambridgeshire;
Cambridge;cambrige;
Cambridge;cambridge;
Cambridge;cambrigi;
Cambridge;camrbridge;
Cambridge;camridge;
Cambridge;cantabriae;
Cambridge;cantabridgiae;
Cambridge;cantabrigae;
Cambridge;cantabrigae;
Cambridge;cantabrige;
Cambridge;cantabrigi;
Cambridge;cantabrigia;
Cambridge Ma;Cantabrigiae nov ang;
Cambridge;cantabrigiae;
Cambridge;cantabrigiae;
Cambridge;cantabrigriae;
Cambridge;cantanbrigiae;
Cambridge;cantebrig;
Cambridge;cantebrigiae;
Cambridge;catabrigiae;
Cambridge;iohn legat;
Cambridge;kantabrigia;
Cambridge;tou kantabrigia;
Cambridge;speciall cambridge;
Cambridge Ma;Cantabrigiae nov anglorum;
Cambridge;cambridge and london;
Cambridge;cambridge london;
Cambridge;cambridg england;
Cambridge;cambridge eng;
Cambridge Ma;cantabrigiae nov angl;
Cambridge Ma;cantabrigiae nov angliae;
Cambridge Ma;cambridge mass;
Cambridge Ma;cambridg mass;
Cambridge Ma;cantabrigiae cambridge mass;
Cambridge Ma;cantabrigia nov anglia;
Cambridge;cantabrigiae cambridgeshire
Canaan NY;canaan state;
Canterbury;canterbury;
Canterbury;cantorbery;
Canterbury;cantorbury;
Canterbury;cantuari;
Canterbury;caterbury;
Canterbury NH;canterbury new hampshire;
Cape Town;cape town south africa;
Cap-Haitien;au cap francais;
Cap-Haitien;au cap français;
Cap-Haitien;cape francois;
Cap-Haitien;cape françois;
Cap-Haitien;cap francois haiti;
Cap-Haitien;cap françois haiti;
Cap-Haitien;cap haitien;
Carlisle;carlisle england;
Carlisle Pa;pennsylvania carlisle;
Carlisle Pa;carlisle pennsylvania;
Carlisle Pa;carlisle penn;
Carlow;garlow;
Carrick;carrick;Carrickfergus|Carrick-on-Suir
Carrick-on-Suir;carrick on suir;
Carron;broomedgehall near carron;
Cashel;cashel ireland;
Castine Me;castine district maine me;
Castine Me;castine maine;
Catskill NY;catskill;
Catskill NY;catskill landing ny;
Chambersburg Pa;chambersburg penn;
Chelmsford;chelmsford england;
Chelmsford Ma;chelmsford mass;
Chelmsford Ma;chelmsford mass england;
Chennai;vepery;
Cheshire Ct;cheshire conneticut;
Cheshire Ct;cheshire conn;
Chester;caerlleon chester england;
Chester;chester england;
Chester;chester york;
Chestnut Hill Pa;chesnut hill;
Chestnut Hill Pa;chesnut hill pa;
Chestnut Hill Pa;chesnuthill pa;
Chestnut Hill Pa;chestnuthill pa;
Chestnut Hill Pa;schesnuet huell pa;
Chestnut Hill Pa;tschesnothill;
Chicago IL;chicago;
Chicago IL;chicago ill;
Chicago IL;chicago illinois;
Chicago IL;chigaco ill;
Chicago IL;chigago ill;
Chillicothe Oh;chillicothe ohio;
Chillicothe Oh;ohio;
Chisholm Mn;chisholm;
Chisholm Mn;chisholm minn;
Chisholm Mn;chisholm minnesota;
Christiansted VI;christiansted st croix vi;
Cincinnati Oh;cincinati;
Cincinnati Oh;cincinnati;
Cincinnati Oh;cincinnati ohio;
Cirencester;cirencester england;
Ciutadella;minorque;
Clear Creek UT;clear creek utah;
Cleveland Oh;cleveland;
Cleveland Oh;cleveland ohio;
Clonmel;clonmel ireland;
Clonmel;clonmell;
Cluj-Napoca;kolozsva r;
Cluj-Napoca;kolozsva r;
Cluj-Napoca;kolozsvár;
Colchester;colchester england;
Colchester;colechester;
Coleraine;colerain;
Cologne;collen;
Cologne;cöllen;
Cologne;cologn;
Cologne;colonia;
Cologne;coloniae;
Cologne;coloniae agrippinae;
Cologne;köln;
Cologne;cologne southwark;
Columbia SC;columbia south carolina;
Concord Ma;concord mass;
Concord Ma;concord mass england;
Concord Ma;concord massachusetts;
Concord NH;concord new hampshire;
Concord NH;concord newhampshire;
Cooperstown NY;cooperstown;
Copenhagen;christianstad;
Copenhagen;copenhague;
Copenhagen;coppenhagen;
Copenhagen;hafniae;
Copenhagen;kiobenhavn;
Copenhagen;kiöbenhavn;
Copenhagen;kiobenhavn;
Copenhagen;kjobenhavn;
Copenhagen;kjöbenhavn;
Copenhagen;kjobenhavn;
Copenhagen;kjöbnehavn;
Copenhagen;kjobnehavn;
Copenhagen;kjöpenhamn;
Copenhagen;kobenhavn;
Copenhagen;köbenhavn;
Copenhagen;kobenhavn;
Copenhagen;kööpenhamina;
Copenhagen;köpenhamn;
Copenhagen;kopenhavn;
Copenhagen;kyo penhaminassa;
Copenhagen;kyo penhaminassa;
Copenhagen;kyopenhaminassa;
Cork;corcagi;
Cork;corcagiae;
Cork;corck;
Cork;corcke;
Cork;corke;
Cork;cork ireland;
Cork;gorcuig;
Coventry;coventry bs n;
Coventry;coventry england;
Coventry;coventry oxford;
Coventry;coventry london;
Coxheath;cox heath;
Croesoswallt;croesoswallt oswestry;
Cupar;cupar fife;
Dampierre-sur-Boutonne;dampierre;
Danbury Ct;danbury;
Danbury Ct;danbury conn;
Danbury Ct;danbury connecticut;
Danvers Ma;danvers boston;
Danvers Ma;danvers mass;
Danvers Ma;danvers mass boston;
Danvers Ma;danvers mass near boston;
Danvers Ma;danvers mass near salem;
Danvers Ma;danvers mass salem;
Danvers Ma;danvers near boston;
Darlington;darlington england;
Dedham Ma;dedham;
Dedham Ma;dedham mass;
Delft;delf;
Delft;delff;
Delft;delf holeand;
Delft;delf in holeand;
Delft;delph;
Delft;delph holland;
Delft;delph in holland;
Delft;delphis;
Deptford;deptford england;
Derby;derby england;
Derby;derby london;
Dereham;east dereham;
Dessau;dessaviae;
Detroit Mi;detroit;
Devonport;devenport;
Devonport;dock;
Dillingen;dilingen;
Dolgellau;dolgelleu;
Dolgellau;dolgelley;
Doncaster;doncaster england;
Dorchester;dorchester england;
Dordrecht;dorte;
Dordrecht;dordrecht amsterdam;
Douai;douay;
Douai;doueay;	 
Douai;dovay;
Douai;dovvay;
Douai;doway;
Douai;duaci;
Douai;dvaci;
Douai;doway rheims;
Douai;douai france;
Douglas;doolish;
Douglas;douglas isle man;
Douglas;douglas isle mann;
Douglas;douglass isle mann;
Douglas;isle man;
Douglas;isle mann;
Hanover NH;dresden vt;
Dresden;dressden;
Dresden Me;pownalborough me;
Drogheda;drogheda ireland;
Dublin;ata so ar na chur gclo mbaile atha cliath;
Dublin;ata so ar na chur gclo mbaile athá cliath;
Dublin;cathedrall church of the blessed trinitie dublin;
Dublin;church trinitie dublin;
Dublin;dlubin;
Dublin;dubli n;
Dublin;dnblin;
Dublin;doublin;
Dublin;dub;
Dublin;dubblino;
Dublin;dubdin;
Dublin;dubdlin;
Dublin;dubiln;
Dublin;dubin;
Dublin;dubl;
Dublin;du blin;
Dublin;dub lin;
Dublin;dubl in;
Dublin;dublin and now london;
Dublin;dublin belfast;
Dublin;dubline;
Dublin;dublin edinburgh;
Dublin;dublini;
Dublin;dubliniae;
Dublin;dublinii;
Dublin;dublinij;
Dublin;dublin ireland;
Dublin;dublin ireland house;
Dublin;dublin ireland t homas walsh in skinner row;
Dublin;dublin london;
Dublin;dublin london dublin;
Dublin;dublino;
Dublin;dublin paris;
Dublin;dubllin;
Dublin;dublln;
Dublin;dublyn;
Dublin;dudlin;
Dublin;dudlini;
Dublin;dulibn;
Dublin;dvblin;
Dublin;dvbliniae;
Dublin;dvblinii;
Dublin;ireland;
Dublin;dublino;
Dublin;tralee ireland;
Duluth Mn;duluth;
Duluth Mn;duluth minn;
Duluth Mn;duluth minnesota;
Dumfries;dumfries scotland;
Dumfries Va;dumfries va;
Dundee;duinedin;
Dundee;duineidin;
Dundee;dundee scotland;
Dundee;taoduni;
Dunkalk;dundalk;
Dun Laoghaire;dunleary;
Duns;dunse;
Düsseldorf;duesseldorf;
Düsseldorf;dusseldorf;
Easton Pa;easton;
Edenton NC;edenton north carolina;
Edinburgh;house edinburgh scotland;
Edinburgh;Edimburgi zuerich;
Edinburgh;do chuireadh so ngclo ndun edin;
Edinburgh;dun aodain;
Edinburgh;duneadain;
Edinburgh;dun eaduin;
Edinburgh;dun eidean;
Edinburgh;duneidean;
Edinburgh;dun eideann;
Edinburgh;dun eidin;
Edinburgh;duneidin;
Edinburgh;duneidiunn;
Edinburgh;eclinburgh;
Edinburgh;edburginh;
Edinburgh;edenborough;
Edinburgh;edenborough scotland;
Edinburgh;eden bourgh;
Edinburgh;edenbrough;
Edinburgh;edenburg;
Edinburgh;edenburgh;
Edinburgh;edenburgi;
Edinburgh;edenburg in schotland;
Edinburgh;edenburg in schottland;
Edinburgh;edenburg schotland;
Edinburgh;edenburg schottland;
Edinburgh;ediburgh;
Edinburgh;ediburgiapud;
Edinburgh;edimbourg;
Edinburgh;edimbourg paris;
Edinburgh;edimbourg toulouse;
Edinburgh;edimburg;
Edinburgh;edimburgh;
Edinburgh;edimburgi;
Edinburgh;edimburgi germany;
Edinburgh;edin;
Edinburgh;edinb;
Edinburgh;edinborough;
Edinburgh;edinbourg;
Edinburgh;edinbourga;
Edinburgh;edinbourgh;
Edinburgh;edinbrgh;
Edinburgh;edinbrngh;
Edinburgh;edinbruchii;
Edinburgh;edinbrugh;
Edinburgh;edinbug;
Edinburgh;edinbugh;
Edinburgh;edinburch;
Edinburgh;edinburg;
Edinburgh;edinburgensi oppido;
Edinburgh;e dinburgh;
Edinburgh;ed inburgh;
Edinburgh;edinburgh aberdene;
Edinburgh;edinburgh amsterdam;
Edinburgh;edinburgh at dublin at edinburgh;
Edinburgh;edinburgh at edinburgh;
Edinburgh;edinburgh at london at edinburgh;
Edinburgh;edinburgh dublin;
Edinburgh;edinburgh dublin and edinburgh;
Edinburgh;edinburgh dublin edinburgh;
Edinburgh;edinburgh edinburgh;
Edinburgh;edinburgh edinburgi;
Edinburgh;edinburgh glasgow;
Edinburgh;edinburghi;
Edinburgh;edinburgh london;
Edinburgh;edinburgh london and edinburgh;
Edinburgh;edinburgh london edinburgh;
Edinburgh;edinburgh scotland;
Edinburgh;edinburghy;
Edinburgh;edinburgh ye day of;
Edinburgh;edin burg i;
Edinburgh;edinburgi;
Edinburgh;edinburgii;
Edinburgh;edinburgi londini;
Edinburgh;edinburgi londini glasguae andreapoli;
Edinburgh;edinburgn;
Edinburgh;edinburgo;
Edinburgh;edinburh;
Edinburgh;edinburhg;
Edinburgh;edinburoh;
Edinburgh;edinbvrgh;
Edinburgh;edinbvrgi;
Edinburgh;edindbugh;
Edinburgh;edingburgh;
Edinburgh;edinhurgh;
Edinburgh;edin nburg i;
Edinburgh;edinopoli;
Edinburgh;edinr;
Edinburgh;edinurgh;
Edinburgh;ednburgh;
Edinburgh;edunburgh;
Edinburgh;edynburgh;
Edinburgh;eerst edinburgh;
Edinburgh;eidnburgi;
Edinburgh;endiburgh;
Edinburgh;edinburgh n;
Edinburgh;exactly correctit newly edinbrugh;
Edinburgh;holy rood house;
Edinburgh;holy rood house edinburgh;
Edinburgh;inlondon at edinburgh;
Edinburgh;london at edinburgh;
Edinburgh;london at leith;
Edinburgh;na de copy van schotland;
Edinburgh;order edinburgh;
Edinburgh;restalrig;
Edinburgh;savoy edinburgh;
Edinburgh;scotland;
Edinburgh;stockbridge;
Edinburgh;the savoy edinburgh;
Elbingen;elbing;
Elblag;elbl g;
Elblag;elbl g;
Elie;elie fife;
Elizabeth NJ;elizabeth town new jersey;
Elizabeth NJ;elizabeth town nj;
Elizabeth NJ;elizabethtown nj;
Elizabethtown Md;elizabethtown maryland;
Elizabethtown Md;elizabeth town;
Ely Mi;ely minn;
Emden;embdae;
Ennis;ennis ireland;
Ephrata Pa;epharatae pa;
Ephrata Pa;ephrata;
Ephrata Pa;ephratae;
Ephrata Pa;ephratae pa;
Ephrata Pa;ephratae penn;
Ephrata Pa;ephrata pennsylvanien;
Ephrata Pa;ephrata pensylvanien;
Ephrata Pa;ephrata pennsylvania;
Erfurt;erffurt;
Erlangen;erlang;
Erlangen;erlangae;
Espoo;esbo;
Espoo;haukilahti;
Eton;etonae;
Eton;etonae;
Eveleth Mi;eveleth minnesota;
Exeter;exeter england;
Exeter;exon;
Exeter;exon england;
Exeter;exon exeter england;
Exeter;exoniae;
Exeter;iscae damnoniorum;
Exeter;iscae dunmoniorum;
Exeter;iscae dunmoniorum;
Exeter NH;america exeter;
Fairfield Ct;fairfield conn;
Falkirk;eaglais bhric;
Falmouth Me;falmouth;
Falmouth Me;falmouth casco bay me;
Falun;fahlun;
Faringdon;faringdon england;
Farmington Ct;farmington conn;
Fawsley;fawsley northants;
Fayetteville NC;fayetteville;
Fayetteville NC;fayette ville etat de la caroline du nord;
FincastleVA;fincastle va;
Firenze;florenti;
Fishkill NY;fish kill;
Fishkill NY;fishkill;
Fishkill NY;fish kill ny;
Fitchburg Ma;fichtburg;
Fitchburg Ma;fichtburg mass;
Fitchburg Ma;fitchburg;
Fitchburg Ma;fitchburgissa mass;
Fitchburg Ma;fitchburg mass;
Fitchburg Ma;fitchburg massachusetts;
Fleet;fleet lincs;
Flensburg;flensburgh;
Flushing;flishing;
Fort McHenry Ms;fort mchenry walnut hills miss;
Frankfurt;francefort et à londres;
Frankfurt;francefort et london;
Frankfurt;francefort londres;
Frankfurt;francfort;
Frankfurt;francfort et leipzig;
Frankfurt;franc fort leipzig;
Frankfurt;francfort leipzig;
Frankfurt;franckfurt;
Frankfurt;franckfurt am mäyn und leipzig;
Frankfurt;franckfurth;
Frankfurt;francofurti;
Frankfurt;francofurti london;
Frankfurt;francofvrti;
Frankfurt;frankfurt a/m;
Frankfurt;frankfurt am main;
Frankfurt;frankfurt und leipzig;
Frankfurt;abroad frankfurt;
Frankfurt;frankfurt emden;
Frankfurt;anspac;
Frankfurt;franckfort on mayne;
Frankfurt;francoforte;
Frankfurt;francoforti;
Frankfurt;francoforti ad moenum;
Frankfurt;frankfort;
Frankfurt;frankofourd;
Frankfurt an der Oder;frankofurti ad viadrum;
Fredericktown Md;frederick town state maryland;
Fredericktown Md;frederick town state of maryland;
Fredericktown Md;frederick town md;
Fredericktown Md;friederich stadt md;
Fredericktown Md;friedrich stadt md;
Fredicksburg Va;fredericksburg va;
Freetown;ghaer lleon;
Freiburg im Breisgau;freiburg baden;
Freiburg im Breisgau;freiburg in baden;
Friedensthal Pa;friedensthal bei bethlehem pa;
Friedensthal Pa;friedensthal bey bethlehem pa;
Fryeburg Me;fryeburgh me;
Furth;fu rth;
Furth;fu rth;
Furth;fürth;
Gainsborough;cainsbrough;
Gainsborough;gainsbro;
Gainsborough;gainsbrough;
Gainsborough;gainsborough england;
Galway;galway ireland;
Durham;gateshead durham england;
Durham;gateshead durham;
Durham;dunelmiae;
Durham;dunelmiae;
Durham;gateshead;
Durham;durham england;
Durham;gateside gateshead co durham england;
Gdansk;danzig;
Gdansk;gdańsk;
Geneva;geneua;
Geneva;geneue;
Geneva;genevae;
Geneva NY;geneva york;
Geneve;gene ve;
Geneve;genève;
Georgetown Washington DC;georgetown;
Georgetown Washington DC;george town dc;
Georgetown Washington DC;george town potomak;
Georgetown Washington DC;george town potowmack;
Georgetown Washington DC;george town potowmack dc;
Georgetown Va;george town va;
Gera;gera germany;
Germantown Pa;germanton pa;
Germantown Pa;germant aun pa;
Germantown Pa;germantaun pa;
Germantown Pa;germantaun;
Germantown Pa;germanton;
Germantown Pa;germantown;
Germantown Pa;germantown pe;
Germantown Pa;germantown pennsylvania;
Ghent;att gant;
Ghent;gandavi;
Ghent;gant;
Ghent;gante;
Ghent;gavnt;
Ghent;newly yn gaunte;
Ghent;gant ghent;
Giessen;giessae;
Giessen;giessae cattorum;
Giessen;gissae;
Gilmanton NH;gilmanton;
Glasgow;ar na chur gclo nglasgo;
Glasgow;clscuae;
Glasgow;do chuireadh so gelo nglasgo;
Glasgow;glagow;
Glasgow;glascho;
Glasgow;glascow;
Glasgow;glascuae;
Glasgow;glascue;
Glasgow;glascvae;
Glasgow;glasg;
Glasgow;glasgdw;
Glasgow;glasggw;
Glasgow;glas gho;
Glasgow;glasgnae;
Glasgow;glasgoh;
Glasgow;glasgoviae;
Glasgow;glasgovv;
Glasgow;gla sgow;
Glasgow;glasgo w;
Glasgow;glasgow london and glasgow;
Glasgow;glasgow london;
Glasgow;glasgow london at glasgow;
Glasgow;glasgow london glasgow;
Glasgow;glasgow london printed;
Glasgow;glasgow scotland;
Glasgow;glasgu;
Glasgow;glasgua;
Glasgow;glasguaae;
Glasgow;glasguae;
Glasgow;glasguae;
Glasgow;glasgvae;
Glasgow;glasow;
Glasgow;glassacha;
Glasgow;glassgow;
Glasgow;glosgovv;
Glasgow;glsgow;
Glasgow;glasgow edinburgh; 
Gloucester;glocester;
Gloucester;gloucester england;
Gloucester Ma;glocester ma;
Gloucester Ma;glocester mass;
Gloucester Ma;gloucester mass;
Godby;godby åland;
Görliz;görlitz;
Gothenburg;goteborg;
Gothenburg;göteborg;
Gothenburg;götheborg;
Gothenburg;götheborg åbo;
Gothenburg;gotheburg;
Gothenburg;gothoburgae;
Gothenburg;gothoburgi;
Gothenburg;gottenberge;
Göttingen;goettingae;
Göttingen;goettingen;
Göttingen;gottingae;
Göttingen;gottingen;
Göttingen;göttingen und gotha;
Göttingen;gottingue;
Gouda;ter goude;
Grand Rapids Mi;grand rapids mich;
Greenfield Ma;greenfield mass;
Greenfield Ma;greenfield massachusetts;
Greenfield Ma;greenfield masschusetts;
Greenfield Ma;greenfield mass;
Greensburg Pa;greensburg westmoreland penn;
Greifswald;greiffswald;
Greifswald;gryphiae;
Greifswald;gryphisuualdiae;
Greifswald;gryphiswaldae;
Greifswald;gryphiswaldi;
Greifswald;gryphiswaldiae;
Greifswald;gryphisuualdiae;
Greifswald;gryphiswaldiae;
Greifswald;suobaci;
Greifswald;suobaci recusa;
Greifswald;gryfisbaldi a greifswald;
Greifswald;gryfisbaldi a greifswald;
Greifswald;te gryfisbaldia greifswald;
Gutersloh;gu tersloh;
Gutersloh;gutersloh;
Haaparanta;haparanda;
Haarlem;harlem;
Haarlem;haarlem;
Haarlem;harlem netherlands london england;
Hagerstown Md;hägers taun hagerstown md;
Hagerstown Md;hägerstaun märyland;
Hagerstown Md;hägerstaun md;
Hagerstown Md;hagers town md;
Hagerstown Md;hagerstown md johann gruber;
Hagerstown Md;hšgers taun hagerstown md;
Halberstadt;halberstadtiae;
Halifax NS;canada;
Halifax;hall halifax;
Halifax;Halifax england;
Halifax NS;halifax nova scotia;
Halifax NS;nova scotia;
Hall England;hall england;
Halle;hall;
Halle;curiae regnitianae;
Halle;hållas;
Halle;halle a d saale;
Halle;halle a s;
Halle;halle a/s;
Halle;hall saxony;
Halle;höllas;
Halle;halle magdeburg;
Hallowell Me;district maine hallowell;
Hallowell Me;district of maine hallowell;
Hallowell Me;hallowell district maine;
Hallowell Me;hallowell hook maine;
Hallowell Me;hallowell hook me;
Hallowell Me;hallowell ma;
Hallowell Me;hook hallowell me;
Hallowell Me;maine hallowell;
Hamburg;amburgo;
Hamburg;gamburg;
Hamburg;gamburg london;
Hamburg;gamburg';
Hamburg;germany;
Hamburg;germany hamburg;
Hamburg;hamborough;
Hamburg;hamboroughe;
Hamburg;hambourg;
Hamburg;hambourg brunswick;
Hamburg;hambourgh;
Hamburg;hamburg and london;
Hamburg;hamburg germany;
Hamburg;hamburgh;
Hamburg;hamburgi;
Hamburg;hamburgk;
Hamburg;hamburg london;
Hamburg;hampuri;
Hamburg;harburg;
Hamburg;gamburg r london;
Hamburg;gamburg r;
Hamburg;gamburg r london gelsingfors;
Hamburg;altona hamburg;
Hämeenlinna;hämeeenlinna;
Hämeenlinna;hämeelinna;
Hämeenlinna;hämeenlinna porvoo;
Hämeenlinna;hämeenlinnassa;
Hämeenlinna;hämeenlinna tampere;
Hämeenlinna;hämennlinna;
Hämeenlinna;hämennlinna jyväskylä;
Hämeenlinna;hämennlinnassa;
Hämeenlinna;hus;
Hämeenlinna;tavastehus;
Hämeenlinna;tavastgus;
Hämeenlinna;tavastgus';
Hämeenlinna;t hus;
Hamina;fredrikshamn;
Hamina;fridrihsgamn;
Hamina;fridrihsgamn;
Hamina;haminassa;
Hanau;hanaw;
Hanau;hanna;
Hancock Mi;hancock;
Hancock Mi;hancockissa mich;
Hancock Mi;hancock mich;
Hancock Mi;hancock michigan;
Hanko;hangö;
Hanko;hankoniemi;
Hanna WY;hanna wyo;
Hanover NH;hanoverensi nh;
Hannover;Hanover;
Hannover;hanoviae;
Hannover;Hanover m alister s stadt pa;
Hanover Pa;Hannover pa;
Hanover NH;Hanover newhampshire;
Hanover NH;Hanover new hampshire;
Hanover NH;Hanover nh;
Hanover NH;Hanover n h dartmouth college;
Harbor Oh;harbor;
Harderwijk;harderwijck;
Harderwijk;traiecti ad rhenum;
Harford Md;harford;
Harjavalta;harjavallassa;
Harlech;argraphwyd yng haerludd;
Härnösand;hernösand;
Härnösand;hernösandesne;
Härnösand;hšrnšsand;
Härnösand;trukketum hernösandesne;
Harrisburgh;harrisburg;
Harrisburgh;harrisburgh;
Harrisburgh Pa;härrisburg pa;
Harrisburgh Pa;harrisburgh pennsylvania;
Harrisburgh Pa;harrisburgh pe;
Hartford Ct;hartford;
Hartford Ct;hartfordiae hartford;
Hartford Ct;hartford conn;
Hartford Ct;hartford connecticut;
Hartford Ct;hartfordiae;
Haunia;hauniae;
Havanna;havana;
Havanna;la havana;
Haverhill Ma;haverhill;
Haverhill Ma;haverhill mass;
Haverhill Ma;haverhill massachusetts;
Haverhill NH;haverhill new hampshire;
Heidelberg;haidelberge;
Heidelberg;heidelbergae;
Heinäjoki;heinjoki;
Helmstadt;helmstat;
Helmstedt;helmaestadii;
Helmstedt;helmstadii;
Helsinki;åggelby;
Helsinki;ågggelby;
Helsinki;gel'singfors;
Helsinki;gel'singfors';
Helsinki;gel'singfors'';
Helsinki;gelʼsingfors;
Helsinki;gelʼsingfors';
Helsinki;gelsingfors;
Helsinki;gelsingfors';
Helsinki;gel'singfrs';
Helsinki;gelsingfrs;
Helsinki;gel'zingfors';
Helsinki;gelzingfors;
Helsinki;g gel'singfors';
Helsinki;g gelsingfors;
Helsinki;helsigfors;
Helsinki;helsignfors;
Helsinki;helsingfors;
Helsinki;helsingfors helsingi;
Helsinki;helsingfors helsingissä;
Helsinki;helsingforsia;
Helsinki;helsingforsiae;
Helsinki;helsingforsiae;
Helsinki;helsingforsisa;
Helsinki;helsingfors köpenhamn;
Helsinki;helsingfors leipzig;
Helsinki;helsingforso;
Helsinki;helsingfors stockholm;
Helsinki;helsingfors turku;
Helsinki;helsingfos;
Helsinki;helsingfros;
Helsinki;helsingi linnas;
Helsinki;helsingin kaupungisa;
Helsinki;helsingis;
Helsinki;helsingisä;
Helsinki;helsingissä;
Helsinki;helsingissä helsingfors;
Helsinki;helsingissä helsinki;
Helsinki;helsingofrs;
Helsinki;helsink;
Helsinki;helsinkai;
Helsinki;helsinki b frenckell;
Helsinki;helsinki frenckell;
Helsinki;helsinki jyväskylä;
Helsinki;helsinki k e holm;
Helsinki;helsinki kuopio;
Helsinki;helsinki otava;
Helsinki;helsinki simelius;
Helsinki;helsinkissä;
Helsinki;helsinki tampere;
Helsinki;helsinki viipuri;
Helsinki;hfors;
Helsinki;hki;
Helsinki;kelsinki;
Helsinki;mu helsinki;
Helsinki;oulunkylä;
Hemel Hempstead;hemel hemstead;
Henley-on-Thames;henley;
Henley-on-Thames;henley england;
Hereford;hereford england;
Herford;erford;
Hertford;hertford england;
Hillsborough NC;hillsborough;
Hillsborough NC;hillsborough north carolina;
Hindolverston;hindolveston norfolk;
Houghton Mi;houghton mich;
Huddersfield;huddersfield england;
Hudson NY;hudson;
Hudson NY;hudson york;
Hull;hull england;
Hull;kingston upon hull;
Hull;kingston upon hull england;
Huntingdon;huntingdon hunts;
Hwlffordd;haverfordwest;
Inari;enare;
Inis Córthaidh;eniscorthy;
Inis Córthaidh;inis córthaidh;
Inishmacadurn;rutland island;
Inkeri;inkerinmaa;
Inkeri;inkerinmaalla;
Inkoo;ingå;
Inkoo;ingö;
Inverness;innoirnish;
Ipswich;ippeswich;
Ipswich;ippeswych;
Ipswich;ippiswich;
Ipswich;ippiswiche;
Ipswich;ippyswiche;
Ipswich;ippyswitcyhe;
Ipswich;ippyswyche;
Ipswich;ipswich england;
Ipswich;suffolk;
Ironwood Mi;ironwood;
Ironwood Mi;ironwood mich;
Ironwood Mi;ironwood michigan;
Ísafjördur;i safjördur;
Ísafjördur;safjördur;
Ísafjördur;i safjördur;
Ísafjördur;isafjördur;
Ísafjördur;isafjördur;
Ishpeming Mi;ishpeming;
Ishpeming Mi;ishpeming mich;
Ishpeming Mi;ishpeming michigan;
Isokyrö;orisberg;
Istanbul;constantinople;
Jacobson Mi;jacobson minn;
Jelgava;jelgawa;
Jelgava;jelgawa;
Jelgava;jelgawâ;
Jelgava;mitau;
Jelgava;mitau und leipzig;
Jena;i\\.e na;
Jena;jenae;
Jena;jena leipzig;
St Helier;jersey;
Jerusalem;jeurslem;
Joensuu;joensuussa;
Johnstown NY;johnstown;
Jönnköping;jönkiöping;
Jönnköping;jönköping;
Jyväskylä;jyvaeskylae;
Jyväskylä;jyvaeskylaessae;
Jyväskylä;jyvaeskylaessae;
Jyväskylä;jyväkylä;
Jyväskylä;jyväskylän kaupunnissa;
Jyväskylä;jyväskylässä;
Jyväskylä;jywäskylä;
Jyväskylä;jywäskylässä;
Jyväskylä;jywäskylästä;
Kajaani;kajana;
Kaleva Mi;kaleva;
Kaleva Mi;kaleva mich;
Kaleva Mi;kaleva michigan;
Kaleva Mi;kalevassa mich;
Karjaa;karis;
Karlskrona;carls crona;
Karlskrona;carlscrona;
Karlskrona;carlskrona;
Karlsruhe;carlsruhe;
Kaskinen;kaskö;
Kazan;kazan';
Keene NH;kaeniae neo hantoniae;
Keene NH;keene new hampshire;
Keene NH;keene newhampshire;
Keene NH;keene state new hampshire;
Keene NH;keene state of new hampshire;
Keene NH;new hampshire;
Kelso;kelso scotland;
Kelso;keslo;
Kemi;kemissä;
Kendal;kendal england;
Frankfort Ky;kentucky;Washington Ky/Frankfort Ky
Kharkiv;har'kov';
Kharkiv;Har kov;
Kharkiv;harkov;
Kidderminster;kidderminister;
Kidderminster;kiddermister;
Kiel;kiliae;
Kildare;cell s brigid;
Kilkenny;kilkeniae;
Kilkenny;kilkenny ireland;
Kilkenny;kilkeny;
Killingworth Ct;killingworth conn;
Kilmarnock;kilmarnock;
Kings Lynn;lynn;
Kings Lynn;lynn kings lynn england;
Kings Lynn;kings s lynn;
Kingston;kington;
Kingston upon Thames;surry;
Kingston;jamaica;
Kingston;kingston jamaica;
Kingston upon Thames;kingston upon thames;
Kingston NY;kingsthon ny;
Kingston NY;kingstone ny;
Kingston NY;kingston ulster county new york;
Kingstown;kingstown saint vincent;
Kingstown;kingstown saint vincent st vincent;
Kingstown;kingstown st vincent;
Kinnaird;kinnard;
Kirkcaldy;kirkcally;
Kirkkonummi;kyrkslätt;
Knaresborough;knaresbro;
Knaresborough;knaresbro harrogate;
Knaresborough;knaresbrough;
Knoxville Oh;knoxville territory south ohio;
Knoxville TN;knoxville state of tennessee;
Knoxville TN;knoxville state tennessee;
Knoxville TN;knoxville tenn;
Koivulahti;kvevlaks;
Kokkola;gamlakarleby;
Koningsberg;ko\?nigsberg
Koningsberg;königsberg;
Koningsberg;regiomonti borussorum;
Koningsberg;regiomonti borvssiae;
Kotka;kotkassa;
Krakow;poland;
Krakow;w krakowie;
Kristiinankaupunki;kristiina;
Kristiinankaupunki;kristinehamn;
Kristiinankaupunki;kristinestad;
Kruunupyy;kronoby;
Kuopio;kuopio linnas;
Kuopio;kuopio sortavala;
Kuopio;kuopiossa;
Kuopio;kuopio viipuri;
La Chapelle-Montligeon;la chapelle montligeon;
Lahti;lahdessa;
Lahti;lahtis;
Lancaster Pa;dieser calender ist zu haben lancäster pa;
Lancaster Pa;lancaster;
Lancaster Pa;lancäster;
Lancaster Pa;lancaaster pa;
Lancaster Pa;läncaster pa;
Lancaster Pa;lancäster pa;
Lancaster Pa;lancaster penn;
Lansingburgh NY;lansingburgh york;
Lappeenranta;lappeenrannassa;
Lappeenranta;villmanstrand;
Lappeenranta;willmanstrand;
Lapua;lapualla;
La Trinite;la trinite martinique;
Leeds;leedes;
Leeds;leeds england;
Leeds;leevs;
Leeuwarden;norwich actually leeuwarden;
Le Havre;au havre;
Leicester;leicester england;
Leiden;leide;
Leiden;leiden holland;
Leiden;leiden london;
Leiden;leyde;
Leiden;leyden;
Leiden;ludguni batavorum;
Leiden;lugd batavorum;
Leiden;lugduni batauorum;
Leiden;lugduni batavorum;
Leiden;lvgd batav;
Leiden;lvgdvni batavorvm;
Leiden;tot leiden;
Leiden;lugduni leiden;
Leipzig;leibzig;
Leipzig;leip;
Leipzig;leipsic;
Leipzig;leipsic londres;
Leipzig;leipzig amsterdam;
Leipzig;leipzig breslau;
Leipzig;leipzig frankfurt;
Leipzig;leipzig und amsterdam;
Leipzig;lepzig;
Leipzig;liepzig;
Leipzig;lipsiae;
Leipzig;leipzig gera;
Edinburgh;Leith scotland;
Edinburgh;Leith;
Edinburgh;leith leith;
Edinburgh;leith london leith;
Edinburgh;leith london;
Leominster Ma;leominster mass;
Leominster Ma;leominster massachusetts;
Leominster Ma;leominster masschusetts;
Letchworth;oahspe home letchworth;
Leuven;lobhain;
Leuven;lobháin;
Leuven;louain;
Leuven;louaine;
Leuven;louan;
Leuven;louayne;
Leuven;lovan;
Leuven;lovanii;
Leuven;lovanij;
Lewes;lewes england;
Lexington KY;lexington;
Lexington KY;lexington kentucky;
Liège;lvyck;
Liège;leodii;
Liège;liege paris;
Liège;liege;
Liège;liége;
Liège;liège paris;
Liège;leodii louvain;
Liepaja;libau;
Liepaja;liep ja;
Liepaja;liepja;
Limerick;limerick ireland;
Limerick;limrieck;
Lincoln;lincoln england;
Lincoln;lincolniae;
Lincoln;lingoln;
Lincoln;sincoln;
Linköping;lincopiae;
Linköping;linkiöping;
Linköping;linköpingisä;
Linköping;linnköping;
Lisbon;lisbo;
Lisbon;lisboa;
Lisbon;lisbone;
Litchfield Ct;connecticut;
Litchfield Ct;lichfield;
Litchfield Ct;lichfield conn;
Litchfield Ct;lichfield sic conn;
Litchfield Ct;litchfield;
Litchfield Ct;litch field conn;
Litchfield Ct;litchfield conn;
Litchfield Ct;litchfield connecticut;
Litchfield Ct;litchfield hartford;
Litchfield Ct;litchfield london lichfield;
Litoměřice;leitmeritz;
Litoměřice;litom“¿ice;
Liverpool;lerpwl;
Liverpool;leverpoole;
Liverpool;liverpoole;
Liverpool;liverpool england;
Liverpool;liverpoolissa;
Livorno;filadelfia;
Livorno;leghorn;
Livorno;legorne;
Livorno;livourne;
Llanymddyfri;llandovery;
Dover NH;dover new hampshire
Llwydlo;poughnill;
Lohja;lojo;
London;lundain;
London;llvndain;
London;lundain;
London;anno aux blackefriers;
London;inclytam urbem londinum;
London;westmonasterium;
London;westmoster;
London;westmystre;
London;bermondsey;
London;blackfriars;
London;burtons coffee house london;
London;burtons london;
London;caxton;
London;chiswick;
London;londo n;
London;london;
London;london;
London;londo ni;
London;londonia rum;
London;londoniensi;
London;clerkenwell;
London;court old baily;
London;croydon;
London;dicks coffee house in skinner row whereprinting work is done;
London;d lo ndon;
London;dondon;
London;dormer black white court old baily where advertisements letters are taken;
London;east ham;
London;east ham and/or stonor park pyrton;
London;east molesey;Earlier this was its own place so should it be London or East Molesey?
London;east molesey surrey;
London;westmynster;
London;enfield;
London;london r;
London;london abroad;
London;engelland;
London;england;
London;hoc opusculum londoniis;
London;londo n;
London;londo⁻n;
London;london;
London;london;
London;london;
London;westmonasterio;
London;westmonasterio;
London;finsbury;
London;greenwich;
London;hackney;
London;hammersmith;
London;hampstead;
London;hanley;
London;holborn;
London;hounslow;
London;house;
London;house london;
London;londoniensi;
London;lōdonus;
London;london;
London;londōn;
London;lond;
London;lond ini;
London;imprimeal̀ondres;
London;imprimeál̀ondres;
London;inlondini;
London;in the savoy;
London;in the savoy london;
London;islington;
London;j and t dormer in black and white court in the old baily where advertisements and letters are taken in;
London;lambeth;
London;lambeth surrey;
London;lewisham;
London;llondon;
London;llundain;
London;llundain london;
London;l n;
London;lndon;
London;n london;
London;lnodon;
London;lo;
London;loddon;
London;lodini;
London;lodnon;
London;lodnonsic;
London;lod on;
London;lod⁻on;
London;lodon;
London;lodoni;
London;lodonus;
London;lofdon;
London;loldon;
London;lomdon;
London;lond;
London;londar;
London;londdn;
London;londees;
London;londen;
London;londen engelland;
London;londen in engelland;
London;londes;
London;londgn;
London;londidi;
London;londin;
London;londinensis;
London;l ondini;
London;lo ndini;
London;lon dini;
London;lond ini;
London;londini;
London;londini amstelodami;
London;londini edinburgh;
London;londini hague;
London;londinii;
London;londinij;
London;londini lipsiae;
London;londini london;
London;londini london england;
London;londini lugduni leiden;
London;londini roterodami;
London;londinis;
London;londini ussum;
London;londinj;
London;londino;
London;londinum;
London;lond n;
London;londn;
London;londnon;
London;londo;
London;londod;
London;londoh;
London;londoini;
London;londom;
London;l ondo n;
London;l ondon;
London;lo ndon;
London;lon do n;
London;lon don;
London;lond on;
London;londo n;
London;londo⁻n;
London;london';
London;london};
London;london aberdene;
London;london amsterdam;
London;london and aberdene;
London;london and birmingham england;
London;london and dublin;
London;london and edinburgh;
London;london and francfort;
London;london and leith;
London;london and now edinburgh;
London;london and oxford;
London;london and re edinburgh;
London;london and westminster;
London;london and westminster england;
London;london berlin;
London;london birmingham;
London;london birmingham england;
London;london bristol;
London;london brussels;
London;london bs n;
London;london cambridge;
London;london coventry;
London;london dublin;
London;londone;
London;london edinburgh;
London;london engelland;
London;london england;
London;london england edinburgh scotland;
London;london fleet;
London;london fleetstreete;
London;london francfort;
London;london glasgow;
London;london göttingen;
London;london hague;
London;london hall;
London;london hamburg;
London;london hannover;
London;london hartford;
London;london house;
London;london i;
London;londoni;
London;londoniae;
London;londonie;
London;londonii;
London;lon doniis;
London;lond oniis;
London;londoniis;
London;londonij;
London;londonijs;
London;londonijs paris;
London;london in engelland;
London;london in fleetstreete;
London;londonini;
London;london in povvles churchyarde;
London;london in powles churchyarde;
London;london in powles church yarde by rycharde iugge and to the quenes maiestie cum priuilegio regiae maiestatis;
London;london in the savoy;
London;london ipswich;
London;londonjanuary;
London;london leeds;
London;london leiden;
London;london leipsic;
London;london leipzig;
London;london leith;
London;london llundain;
London;london london;
London;london london kingston;
London;london londres;
London;london lothbery;
London;london lothbury;
London;london norwich;
London;londono;
London;london or edinburgh;
London;london or middelburgh;
London;london or oxford;
London;london oxford;
London;london paris;
London;london philadelphia;
London;london povvles churchyarde;
London;london powles church;
London;london powles churchyarde;
London;lon don;
London;londons;
London;london savoy;
London;london southwark;
London;london temstrete;
London;london t moore in white fryers;
London;london to prevent mis information;
London;london to the honorable house of commons;
London;london und berlin;
London;londonus;
London;london westminster;
London;london westminster england;
London;london white hall st barnabass festival;
London;london york london;
London;londoon;
London;londou;
London;londoun;
London;londra;
London;londra;
London;londra leghorn;
London;londra london england;
London;londra lucca pisa;
London;londra paris;
London;londra venice;
London;londre;
London;londres;
London;london;
London;londres amsterdam;
London;londres basel;
London;londres brussels;
London;londres cambridge;
London;londres dresden;
London;londres dublin;
London;londres frankfurt;
London;londres geneva;
London;londres geneve;
London;londres hague;
London;londres hamburg;
London;londres london;
London;londres london england;
London;londres neuchâtel;
London;londres paris;
London;londres the hague;
London;londres toulouse;
London;londrez;
London;londrish;
London;londun;
London;lonini;
London;lonkon;
London;lonlon;
London;lonndini;
London;lonndo;
London;lonndon;
London;lonnon;
London;lonodn;
London;lonon;
London;lonond;
London;lonoon;
London;lonton;
London;lontoo;
London;loondon;
London;lordon;
London;lothbery;
London;lothbury;
London;louanii;
London;loudon;
London;loundres par moy robert redman;
London;loydon;
London;lundain;
London;lunden;
London;lundini;
London;lundon;
London;lunnduin;
London;me iohan doesborowe;
London;me thabbey westmenstre london;
London;minories;
London;netherhall;
London;no little catherine street strand;
London;nondon;
London;ac diligenter non minimo labore revis us london̄;
London;ac diligenter non minimo labore revis us london;
London;diligenter non minimo labore revis us london;
London;londo n;
London;london;
London;london;
London;london;
London;londoniis;
London;nsis;
London;london;
London;london;
London;oenozithopoli;
London;oenozythopoli;
London;on don;
London;ondon;
London;oondon;
London;pimlico;
London;londiniis;
London;llundain;
London;london;
London;llyndain;
London;savoy;
London;savoy london;
London;shadwell;
London;smithfield;
London;somers town;
London;sommers town;
London;southwark;
London;southwarke;
London;southwarke/ me peter treueris;
London;southwerke;
London;sowthwarke;
London;spitalfields;
London;stamford by newcomb and peat;
London;stamford newcomb and pe;
London;stamford newcomb pe;
London;stamford newcomb peat;
London;st georges fields;
London;stratford;
London;strawberry hill;
London;suburbio londinensi uulgo dicti southvvarke;
London;londen;
London;the corner house in ludgate street next s t pauls church london;
London;the savoy;
London;the savoy london;
London;the signe of the dobbel hood;
London;the sign of the old kings head in axe yard in king street westminster;
London;this londou;
London;thys emprynteth westmynster;
London;tottenham;
London;translated out of the high dutch and london;
London;uxbridge;
London;londo n;
London;londo⁻n;
London;london;
London;londo n;
London;londo⁻n;
London;london;
London;londo n;
London;londo⁻n;
London;london;
London;londosi;
London;walworth;
London;war office;
London;westemynster;
London;westmester;
London;westmestre;
London;westminister;
London;westminster;
London;westminster england;
London;westmonasterii;
London;westmonasterio;
London;westmonasterius;
London;westmonesterio;
London;westmonstre;
London;westmynster;
London;westmyster;
London;whitechapel;
London;woolwich;
London;wyttenberge;
London;yorke at london;
London;londres bruxelles;
London;london barby;
London;great britain;
London;london york;
London;london southwarke;
London;london nuremberg;
London;smithfield london;
London;london;
London;pimlico london;
London;london kingston;
London;hammersmith london;
London;clerkenwell london england;
London Ct;london connecticut;
Londonderry;derry;
Londonderry;derry londonderry ireland;
Londonderry;l derry;
Londonderry;l derry londonderry ireland;
Londonderry;london derry;
Londonderry;londonderry ireland;
Long Buckby;buckby;
Louvain;lovain;
Louvain;lovanni;
Loviisa;lovisa;
Loviisa;loviza;
Luleå;luleö;
Luleå;luulaja;
Lund;llunden;
Lund;londini goth;
Lund;londini gothorum;
Lund;londini scanor;
Lund;londini scanorum;
Lund;lond scanorum;
Lund;lundae;
Lund;lundini goth;
Lustleigh;lustleigh devon;
Lviv;l vìv;
Lviv;l'vi v;
Lviv;l'vìv;
Lviv;lvi v;
Lviv;lvìv;
Lybeck;keyserligh frij rijkzstad lybeck;
Lybeck;lubecae;
Lybeck;lu beck;
Lybeck;lubeck;
Lybeck;luebeck;
Lybeck;lyypekki;
Lyon;lions;
Lyon;ludd;
Lyon;lugduni;
Lyon;lvgdvni;
Lyon;lyons;
Maastricht;maestricht;
Macclesfield;magclesfield;
Machynlleth;mackline;
Machynlleth;makline;
Madras India;madras;
Magdeburg;magdaeburgi;
Maidstone;maidston;
Maidstone;ma id stone;
Maidstone;maidsto ne;
Maidstone;maidstone england;
Mainz;mentz;
Mainz;mentz frankfort;
Mainz;mainz frankfurt;
Malda;malda bengal;
Malmö;malm;
Malmö;malmoo;
Manchester;blackley;
Manchester;manchester england;
Manchester;mancunii;
Marburg;marpurgi cattorum;
Marburg;marpvrgi cattorvm;
Mariehamn;maarianhamina;
Marlborough;marlborough england;
Mechelen;mechlin;
Mechelen;mechlin with licence;
Medford Ma;medford mass;
Medford Ma;medford massachusetts;
Medford Ma;medford masschusetts;
Middelburg;medioburgi zelandiae;
Middelburg;midddelburgh;
Middelburg;midddelburghsic;
Middelburg;middelborg;
Middelburg;middelborough;
Middelburg;middelburgh;
Middelburg;middelburgi;
Middelburg;middleborowgh;
Middelburg;middleborrow;
Middelburg;middleburg;
Middelburg;middleburgh;
Middelburg;middleburgii;
Middelburg;midelburge;
Middelburg;midlebrugh;
Middelburg;midleburgh;
Middleborough Ma;middleborough;
Middleborough Ma;middleborough plymouth mass;
Middleborough Ma;middleborough mass;
Middletown Ct;middletown;
Middletown Ct;middletown conn;
Mikkeli;mikkelissä;
Mikkeli;mikkeli viipuri;
Mikkeli;s t michel;
Mikkeli;s michel;
Mikkeli;st michel;
Mikkeli;st mikkeli;
Mikkeli;st mikkelissä;
Milan;milano;
Milborne Port;milborneport;
Milton;milton near thame;
Milton Ernest;milton ernis near bedford;
Milwaukee Wi;milwaukee;
Milwaukee Wi;milwaukee wis;
Milwaukee Wi;milwaukee wisconsin;
Minneapolis Mn;minneapolis;
Minneapolis Mn;minneapolis minn;
Minneapolis Mn;minneapolis minneasota;
Mole-Saint-Nicolas;mole saint nicholas;
Montego Bay;montego bay jamaica;
Montreal;montre al;
Montreal;montre al;
Montreal;montreal;
Montreal;montreal;
Montreal;montreal;
Montreal;montreal quebec;
Montreal;teiotiagi;
Montrose;monterosarum;
Morristown NJ;morris town nj;
Moscow;mosco;
Moscow;moscoosa;
Moscow;moscou;
Moscow;moskau;
Moscow;moskova;
Moscow;moskva;
Mount Pleasant NJ;middletown point nj;
Mount Pleasant NJ;matawan nj;
Mount Pleasant NJ;mount pleasant ny;
Mulberry Hill Va;mulbery hill;
Mumbai;bandera mambai;
München;mu nchen;
München;mu nchen;
München;munchen;
Münster;muenster;
Münster;munster;
Münster;warum darum westphalie;
Mustasaari;korsholm;
Mustio;svartå;
Mustio;svartö;
Nanaimo BC;nanaimo;
Nanaimo BC;nanaimo b c;
Nantes;nantz;
Naples;napoli;
Naples;neapel;
Naples;neapoli;
Närpiö;närpes;
Narva;narvae;
Nashville TN;nashville;
Nashville TN;nashville tenn;
Nashville TN;nashville tennessee;
Nassau;bahamas;
Nassau;nassau bahama;
Nassau;nassau bahamas;
Nassau;nassau providence bahamas;
Natchez Ms;natchez miss;
Neuchatel;neuchatel;
Neuruppin;neu ruppin;
Neustadt an der Weinstraße;neostadii;
Newark;Newark england;
Newark;newark;
Newark NJ;newark new jersey;
Newark NJ;new jersey;
New Bedford Ma;n bedford massa;
New Bedford Ma;n bedford mass;
New Bedford Ma;new bedford;
New Bedford Ma;newbedford;
New Bedford Ma;newbedford mass;
New Bedford Ma;new bedford mass;
New Bedford Ma;newbedford massa;
New Bedford Ma;newbedford massachusetts;
New Bern NC;newbern;
New Bern NC;newbern nc;
New Bern NC;newbern north carolina;
New Britain Pa;new briton bucks county pa;
New Brunswick NJ;nieuw brunswick nj;
New Brunswick NJ;new bbunswick new jersey;
New Brunswick NJ;new brunswick;
New Brunswick NJ;new brunswick new jersey;
Newburgh NY;newburgh orange county ny;
Newburgh NY;newburgh ulster county ny;
Newburyport Ma;newbury mass;
Newburyport Ma;newbury newburyport mass;
Newburyport Ma;newbury mass england;
Newburyport Ma;newbury port;
Newburyport Ma;newburyport;
Newburyport Ma;newbury port mass;
Newburyport Ma;newburyport mass;
Newburyport Ma;newburyport massachusetts;
Newburyport Ma;newburyport masschusetts;
Newburyport Ma;newbury port new england;
Newbury Vt;newbury ver;
Newbury Vt;newbury vermont;
Newcastle;nescastle;
Newcastle;newcaslte upon tyne;
Newcastle;newcaste upon tyne;
Newcastle;new castle;
Newcastle;new castle england;
Newcastle;newcastle on tyne;
Newcastle;newcastlet;
Newcastle;newcastle upon tyne;
Newcastle;newcastle upon tyne england;
Newcastle;newcatle upon tyne;
Newcastle;novi castelli;
Newcastle;novi castri;
Newcastle;novicastri;
Newcastle;nwecastle upon tyne;
New Castle De;new castle del;
Newfield Ct;newfield conn;
Newfield Ct;newfield fairfield county bridgeport conn;
New Haven Ct;new haven conn;
New Haven Ct;novi porti;
New Haven Ct;novi porti new haven;
New Haven Ct;novi portu;
New Haven Ct;novi portus;
New Haven Ct;novi portus new haven;
New Haven Ct;novo portu;
New Haven Ct;novo portu connecticutensium new haven;
New Haven Ct;novo portu new haven;
New Haven Ct;new haven;
Newington Ct;newington;
New London Ct;new london;
New London Ct;new london conn;
Newmarket;newmarket england bury suffolk;
New Milford Ct;new milford conn;
New Orleans La;la nlle orleans;
New Orleans La;la nouvelle orleans;
New Orleans La;new orleans;
New Orleans La;nouvelle orleans new orleans;
Newport;isle wight;
Newport;newport shropshire;
Newport;newport;
Newport;newport isle of wight england;
Newport;newport isle wight;
Newport;newport isle wight england;
Newport Pagnell;newport pagnell;
Newport RI;Newport r i ne;
Newport RI;novum portum ri;
Newport RI;newporti ri;
Newport RI;newport rhode island;
Newport RI;newport rhoee island;
Newry;newry ireland;
Newton NJ;newton new jersey;
Newton NJ;newton state new jersey;
Newton NJ;newton state of new jersey;
Newtown Pa;newtown penn;
New York Mills Mn;new york mills;
New York Mills Mn;new york mills minn;
New York NY;bronx new york;
New York NY;n york;
New York NY;bronx n y;
New York NY;bronx ny;
New York NY;bronx ny;Vrt Brooklyn NY
New York NY;bronx;Vrt Brooklyn NY
New York NY;brooklyn;
New York NY;brooklyn;Brooklyn mapped to New York NY
New York NY;brooklynissa ny;
New York NY;brooklyn new york;
New York NY;brooklyn n y;
New York NY;brooklyn ny;
New York NY;herdrukt nieuw jork;
New York NY;neo eboraci;
New York NY;new york;
New York NY;newyork;
New York NY;new york america;
New York NY;new york new york;
New York NY;ne york;
New York NY;nieuw jork;
New York NY;nova belgia;
New York NY;novi eboraci;
New York NY;york america;
New York NY;america york;
Niagara;niagara canada;
Nijmegen;neomagi;
Norfolk Va;norfolk virginia;
Norristown Pa;norristown;
Norrköping;norkiöping;
Norrköping;norköping;
Northampton;northampton england;
Northampton;northamptoniae;
Northampton;orthampton;
Northampton Ma;northampton mass;
Northampton Ma;northampton massachusetts;
Northumberland Pa;northumberland;
Northumberland Pa;northumberland town pa;
North Yarmouth Me;north yarmouth;
North Yarmouth Me;north yarmouth me;
Norwich;anno gheprint tot nordwitz;
Norwich;noorwitz;
Norwich;norich;
Norwich;norvicensis;
Norwich;norvici;
Norwich;norwich england;
Norwich;norwici;
Norwich;norwich abroad;
Norwich;norwick;
Norwich;norwigh;
Norwich;nowich;
Norwich Ct;norwich conn;
Norwich Ct;norwich connecticut;
Nothampton;northamton;
Nothampton;northhampton;
Nottingham;nottingam;
Nottingham;nottingham england;
Nottingham;nottinghami;
Nottingham;nottinghamiae;
Nottingham;nottinghm;
Nottingham;nottingnam;
Nottingham;notttingham;
Nürnberg;norimbergae;
Nürnberg;norimberge;
Nürnberg;nuremberg;
Nürnberg;nu rnberg;
Nürnberg;nu rnberg;
Nürnberg;nürnberg;
Nürnberg;nürnberg;
Nürnberg;noribergae;
Nürnberg;nuernberg;
Oakham;rutland;
Oberwesel;excudebatur praesens opus vvesaliae;
Octorara Pa;octoraro pa;
Oradea;nagy va rad;
Oradea;nagy va rad;
Oradea;nagy várad;
Örebro;örebroosa;
Oslo;christiania;
Oslo;krisstiania;
Oslo;kristiania;
Oslo;östersund;
Osnabrück;osnabruck;
Otava;otavan asema;
Ottawa;ontario;
Ottawa;ottawa canada;
Oulu;oulusa;
Oulu;oulussa;
Oulu;oulu turku;
Oulu;uleåborg;
Oxford;academia oxonie;
Oxford;bellositi dobunorum;
Oxford;bellositi dobunorum oxford;
Oxford;celeberima vniuersitate oxonien;
Oxford;est presens opusculum celeberima vniuersitate oxoniensi;
Oxford;hoc oposculum alma vniuersitate oxonie;
Oxford;impresso finito oxonie;
Oxford;insignia alme vniuersitatis oxonie;
Oxford;osford;
Oxford;oxenford;
Oxford;oxford and london;
Oxford;oxford and shrewsbury;
Oxford;oxforde;
Oxford;oxf ord england;
Oxford;oxford england;
Oxford;oxfordiae;
Oxford;oxford london;
Oxford;oxford oxford;
Oxford;oxford shrewsbury;
Oxford;oxfort;
Oxford;oxoford;
Oxford;oxon;
Oxford;oxonaae;
Oxford;oxonae;
Oxford;oxoni;
Oxford;oxonia;
Oxford;oxoniaae;
Oxford;oxoniaae;
Oxford;oxoniae;
Oxford;oxoniae;
Oxford;oxoniae excudebant;
Oxford;oxonia etei;
Oxford;oxoniae udebant;
Oxford;oxonie;
Oxford;oxonié;
Oxford;oxoniensi academia;
Oxford;oxoniensis;
Oxford;oxonii;
Oxford;oxoniii;
Oxford;oxoniis;
Oxford;oxonij;
Oxford;oxon oxford;
Oxford;oxony;
Oxford;printiedig yn rhydychen;
Oxford;rhydychain;
Oxford;rhydychen;
Oxford;the theater in oxford;
Oxford;rhydychen oxford;
Oxford;oxoniae hall;
Padua;patavii;
Pännäinen;bennäs;
Parainen;pargas;
Paris;anno alma parisio rum;
Paris;be nevvly parys;
Paris;be newly parys;
Paris;bpairis;
Paris;celeberrima vrbe parisiensi;
Paris;est hoc orarium parisijs;
Paris;exarata sane parisijs;
Paris;france;
Paris;iam nuperrime alma parisiorum;
Paris;lutetiae;
Paris;lutetiae britannorum;
Paris;lutetiae parisiorum;
Paris;lvtetiae parisorvm;
Paris;nuper parisijs;
Paris;parhisiorum;
Paris;parhisiorum academia;
Paris;parhysiis;
Paris;pariisi;
Paris;parijs;
Paris;paris brussels;
Paris;paris chez le sr desnos rue au globe;
Paris;parise;
Paris;parisien se vniuersitate;
Paris;parisii;
Paris;parisiis;
Paris;parisij;
Paris;parisijs;
Paris;parisijs londonii;
Paris;parisiorum;
Paris;parisiorum acad;
Paris;parisiorum academia;
Paris;parisiorum paris londini;
Paris;parisi us;
Paris;parisius;
Paris;parisius impresse;
Paris;paris london;
Paris;parislondon;
Paris;paris londres;
Paris;paris or louvain;
Paris;paris paris;
Paris;pariss suburbiis sc i germani de pratis;
Paris;pariss suburbiis sc⁻i germani de pratis;
Paris;parisus;
Paris;parrhisiensi academia;
Paris;parrhisiis;
Paris;parrhisij;
Paris;parrhisijs;
Paris;parrhisio rum academia;
Paris;parrhisiorum academia;
Paris;parrhysiis;
Paris;parrisijs;
Paris;parsley;
Paris;paryisiorum;
Paris;parys;
Paris;parys xx day mowneth may;
Paris;passy;
Paris;uniuersitate parisien;
Paris;paris philadelphie;
Paris;anno parisio rum;
Paris KY;paris bourbon county ky;
Parma;parmae;
Pärnu;pernaviae;
Parr-Town;parr town;
Pattingham;patingham;
Peacham Vt;peacham vermont;
Pembroke Ma;pembroke mass;
Pensacola Fl;pensacola;
Pernaja;pernå;
Pernaja;pernau;
Pernaja;pernö;
Perth;peairt;
Perth;perthensi;
Perth;perth scotland;
Perth;petth;
Perugia;etruria;
Petersburg Va;petersburgh;
Petersburg Va;petersburgh va;
Petersburg Va;petersburg london;
Philadelphia Pa;chestnut hill;
Philadelphia Pa;pennsylvania;
Philadelphia Pa;phialdelphia;
Philadelphia Pa;philad;
Philadelphia Pa;philada;
Philadelphia Pa;philadelahia;
Philadelphia Pa;philadelhpia;
Philadelphia Pa;philadelpaia;
Philadelphia Pa;philadelphia;
Philadelphia Pa;philadelphia america;
Philadelphia Pa;philadelphia and new york;
Philadelphia Pa;philadelphiae;
Philadelphia Pa;philadelphia new york;
Philadelphia Pa;philadelphia penn;
Philadelphia Pa;philadelphia pennsylvania;
Philadelphia Pa;philadelphie;
Philadelphia Pa;philadelphie paris;
Philadelphia Pa;philadelphie philadelphia pa;
Philadelphia Pa;philadelpphia;
Philadelphia Pa;philadephia;
Philadelphia Pa;philadephie paris;
Philadelphia Pa;philidelphia;
Philadelphia Pa;philladephia;
Philadelphia Pa;phladelphia;
Philadelphia Pa;ppiladelphia;
Philadelphia Pa;pyiladelphia;
Philadelphia Pa;united states philadelphia;
Philadelphia Pa;pennsylvania philadelphia;
Philadelphia Pa;america philadelphia;
Philadelphia Pa;philadelphie paris bordeaux;
Philadelphia Pa;philadelphia york baltimore;
Philadelphia Pa;philadelphia lancaster;
Philadelphia Pa;philadelphia baltimore york;
Philadelphia Pa;north america philadelphia;
Pietarsaari;jacobstad;
Pietarsaari;jakobstad;
Piikkiö;piikkis;
Pittsburgh Pa;pittsburg;
Pittsburgh Pa;pittsburgh;
Pittsburgh Pa;pittsburg pa;
Plymouth;plym dock;
Plymouth;plymounth;
Plymouth;plymouth dock;
Plymouth Ma;plymouth mass;
Plymouth Ma;plymouth massachusetts;
Pointe-A-Pitre;la point à pitre;
Pointe-A-Pitre;la point pitre;
Pointe-A-Pitre;point-a-pitre;
Pointe-A-Pitre;point à pitre guadeloupe;
Pointe-A-Pitre;pointe a pitre guadeloupe;
Pointe-A-Pitre;pointe pitre;
Pointe-A-Pitre;pointe pitre guadeloupe;
Pointe-A-Pitre;point pitre;
Pointe-A-Pitre;point pitre guadeloupe;
Pointe-A-Pitre;port de la liberte;
Pointe-A-Pitre;port de la liberte guadeloupe an vi;
Pompton Plains NJ;pompton plains new jersey;
Pondicherry;pondichery;
Pori;b borg;
Pori;björbeborg;
Pori;björneborg;
Pori;pori otto andersin;
Pori;porissa;
Pori;satakunta;
Port Arthur On;port arth ont can;
Port Arthur On;port arthur;
Port Arthur On;port arthur ont;
Port Arthur On;port arthur ontario;
Port Arthur On;port arthur ont can;
Port Arthur On;porth arthur on;
Port-au-Prince;an port au prince;
Port-au-Prince;au port au prince;
Port-au-Prince;au port au prince haiti;
Port-au-Prince;haiti;
Port-au-Prince;port au prince;
Port-au-Prince;port au prince haiti;
Portland Me;portland district maine;
Portland Me;portland district of maine;
Portland Me;portland maine;
Portland Me;maine portland;
Portland Me;portland;
Portland Or;portland oregon;
Porto;oporto;
Port-of-Spain;port spain;
Port-of-Spain;puerto de espana;
Port-of-Spain;tabago;
Portsmouth;portsea;
Portsmouth;portsmouth england;
Portsmouth NH;porstmouth nh;
Portsmouth NH;portmouth nh;
Portsmouth NH;portsmouth in new hampshire;
Portsmouth NH;portsmouth new hampshire;
Porvoo;borgå̊;
Porvoo;borgå;
Porvoo;borgo;
Porvoo;borgosa;
Porvoo;porvoo borgo;
Porvoo;porvoo helsinki;
Porvoo;porvoossa;
Porvoo;porvoo viipuri;
Porvoo;porwoo;
Porvoo;porwoossa;
Porvoo;porwossa;
Poughkeepsie NY;poughkeepsie;
Poughkeepsie NY;poughkeepsie dutchess county ny;
Poughkeepsie NY;poughkeepsie state new yokk;
Poughkeepsie NY;york poughkeepsie;
Poughkeepsie NY;poughkeepsie york;
Poulton-le-Fylde;poulton;
Poznan;pozna n;
Poznan;pozna n;
Poznan;poznán;
Prague;praze;
Preston;lancashire;
Preston;lancs;
Preston;preston england;
Preston;prestoni;
Princeton NJ;princeton;
Providence RI;america at providence r island;
Providence RI;america providence r island;
Providence RI;providence;
Providence RI;providentiae providence;
Providence RI;providence in new england;
Providence RI;providence new england;
Providence RI;providence rhode island;
Providence RI;rhode island;
Providence RI;america providence;
Putney Vt;putney ver;
Quebec;kebek dari;
Quebec;quebc;
Quebec;queb ec;
Quebec;quebec;
Quebec;quebec;
Quebec;quebec canada;
Quebec;quebec city canada;
Quebec;quebec quebec province;
Quebec;uabistiguiatsh;
Quincy Ma;quincy;
Quincy Ma;quincy mass;
Quincy Ma;quincy massachusetts;
Raahe;brahe;
Raahe;brahestad;
Raahe;brahestads;
Ramsgate;ramsgatae;
Rauma;raumalla;
Rauma;raumo;
Reading;reading;
Reading;reading england;
Reading;readingi;
Reading;reading berks england;
Red Jacket Mi;red jacket mich;
Red Lodge MT;red lodge mont;
Regensburg;ratisbonne;
Regensburg;regenspurg;
Reims;rheims;
Reims;rheins;
Reims;rhemes;
Reykjavik;reikjavik;
Reykjavik;reykjavi k;
Reykjavik;reykjavi k;
Reykjavik;reykjavík;
Rhaglan;raglan;
Richmond;richmond surrey;
Richmond Va;richmond virginia;
Richmond Va;virginia;
Riga;rigasa;
Riga;rigae;
Riga;rigae livonum;
Riga;riga helsingfors;
Riga;riga mietau;
Riga;rigas;
Riga;rigasa;
Riga;riigas;
Riga;riika;
Riga;rijasa;
Riga;ver rigae livonum;
Riga;verteutscht und riga;
Riga;zu riga;
Rochester;rochester chatham;
Rock Island IL;rock island;
Rock Island IL;rock island ill;
Rock Island IL;rock island illinois;
Rock Springs WY;rock springs wyo;
Rome;roma;
Rome;romae;
Rome;rooma;
Rome NY;rome york;
Ronneburg;ronneburgh;
Roscrea;roscrea ireland;
Roseau Dominica;dominica;
Roseau Dominica;roseau;
Rostock;rostochii nunc recusum stockholmiae;
Rostock;rostochi;
Rostock;rostochiae;
Rostock;rostochii;
Rostock;rostochii stockholmiae;
Rostock;rostochij;
Rotterdam;roterdame;
Rotterdam;roterodami;
Rotterdam;rotterodami;
Rouen;Roven 
Rouen;Rouen paris 
Rouen;celeberrima vrbe rothomagensi;
Rouen;diligenter emendata ac rothomagi;
Rouen;english secret press;
Rouen;rothomagi;
Rouen;completum rothomagi;
Rouen;rothomagi;
Rouen;rothomagi;
Rouen;u rothomagi;
Rouen;newly rowen;
Rouen;roan;
Rouen;roan london;
Rouen;rohan;
Rouen;rone;
Rouen;rothamagi;
Rouen;rothomagen;
Rouen;rothomagensis;
Rouen;rothomagi;
Rouen;roueen;
Rouen;roüen;
Rouen;rowen;
Rouen;venundantur rothomagi;
Rouen;roan rouen;
Royal Tunbridge Wells;mount sion tunbridge wells;
Royal Tunbridge Wells;tunbridge;
Rutland Vt;rutland vt;
Rutland Vt;rutland vermont;
Rutland Vt;rutland vermont;
Rutland Vt;state vermont rutland;
Rutland Vt;vermont;
Rutland Vt;western district rutland vt;
Rutland Vt;western district vermont rutland;
Saarbrucken;sarrebruck;
Sag Harbour NY;sagg harbour ny;
Saint-Germain-en-Laye;saint germain laye;
Saint-Germain-en-Laye;st germain;
Saint-Germain-en-Laye;st germain laye;
Saint-Germain-en-Laye;st germains;
Saint John;city st john;
Saint John;city st john nb;
Saint John;saint john nb;
Saint John;st john nb;
Saint John;st johns;
Saint John;st john saint john new brunswick;
Saint-Malo;saint malo;
Saint-Malo;s malo;
Saint-Marie;saint mare;
Saint-Marie;saint marie;
Salem England;salem england;
Salem Ma;salem mass england;
Salem Ma;salem mass;
Salem Ma;salem state of new york;
Salem Ma;salem massachusetts;
Salem Ma;mass salem;
Salem Ma;america salem mass;
Salem NC;salem nordkarolina;
Salem NJ;office salem;
Salem NJ;salem ne;
Salem NJ;salem new jersey;
Salem NY;salem state new york;
Salem NY;salem york;
Salisbury;saisbury;
Salisbury;salisburgi;
Salisbury;salisbury england;
Salisbury;salisbuy;
Salisbury;sarum;
Salisbury;salisbury north;
Salisbury;salisbury easton;
Salisbury Ma;salisbury massachusetts;
Salisbury Ma;salisbury masschusetts;
Salisbury NC;salisbury north carolina;
Sandstone Mi;sandstone minn;
Sarvilahti;sarvlaks;
Savannah Ga;savannah georgia;
Savannah Ga;georgia savannah;
Savannah Ga;savannah;
Savanna-la-Mar Jamaica;savanna la mar jamaica;
Savonlinna;nyslott;
Savonlinna;savonlinnassa;
Savonlinna;sawonlinna;
Scarborough;scarboro;
Schenectady NY;schenectadiae ny;
Schenectady NY;schenectady state new york;
Schenectady NY;schenectady state of new york;
Scipio NY;scipio onondaga county y;
Seattle WA;seattle;
Seattle WA;seattle wash;
Seattle WA;seattle washington;
Sharon Ct;sharon conn;
Sheffield;sheffield england;
Shepherdstown WV;shepherds town va;
Shepherdstown WV;Shepherd s town va;
Shepherdstown WV;Shepherd s town w va;
Shepherdstown WV;shepherdstown va;
Shepherdstown WV;shepherds town w va;
Shepherdstown WV;shepherds town;
Shepherdstown WV;w va;
Shepton Mallet;sheptcn mallet;
Sherborne;sherborne dorset england;
Sherborne;sherborne england;
Sherborne;sherbourne;
Shrewsbury;agraphwyd yn y mwythig;
Shrewsbury;oxford at shrewsbury;
Shrewsbury;shrewsbury england;
Shrewsbury;shrewsbury shropshire;
Siegen;sigenae nassoviorum;
Simsbury Ct;simsbury conn;
Sipoo;sibbo;
Skara;scarae;
Skara;scaris;
Skara;skarae;
Sligo;sligo ireland;
Slough;stoke park;
Smithville Mn;smithville;
Smithville Mn;smithville minn;
Smithville Mn;smithville minnesota;
Sortavala;serdobol;
Sortavala;serdobol';
Sortavala;sordavala;
Sortavala;sortavalassa;
Sortavala;sortavla;
Sortavala;sortavola;
Sortavala;sortawala;
Southampton;southampton england;
Southampton;southhampton;
Southampton;southmolton;
Southampton;southampton london england;
Spanish Town;spanish town jamaica;
Spanish Town;st jago de la vega jamaica;
Spanish Town;jamaique;
Spanish Town;saint jago de la vega;
Spanish Town;st jago de la vega;
Springfield Ma;springfield;
Springfield Ma;springfield mas;
Springfield Ma;springfield mass;
Springfield Ma;springfield massa;
Springfield Ma;springfield massachusetts;
Springfield Ma;massachusetts springfield;
Stafford;stafford england;
St Albans;fuit apud villam sancti albani;
St Albans;fuit op us hoc apud s an c tu m albanum;
St Albans;Fuit op us hoc s an c tu m albanum;
St Albans;Fuit villam sancti albani;
St Albans;saint albans;
St Albans;sanctus albanus;
St Albans;saynt albons;
Stamford;stamford england;
Stamford;stamford london;
St Andrews;andreapoli;
St Andrews;andreapoli st andrews;
St Andrews;sainct andrevves;
St Andrews;sainct andrewes;
St Andrews;sainct andrews;
St Andrews;saint andrews;
St Andrews;sanctandrois;
St Andrews;sanct androus;
St Andrews;St andrew s;
Stanford;stanford england;
St Augustine Fl;saint augustine;
St Augustine Fl;st augustine east florida;
St Augustine Fl;st augustine fla;
Staunton Va;staunton;
Stirling;strling;
Stirling;striuiling;
Stirling;striviling;
St Eustatius;saint eustatius;
St Eustatius;saint eustatius netherlands antilles;
St Eustatius;sint eustatius;
St George;bermuda;
Toronto;york canada;
St George;fort royal grenade;
St George;fort st george;
St George;grenade;
St George;st george grenada;
St George;st george s grenada;
St George;saint george bermuda;
St George;st georges saint george bermuda;
St George;st georges town grenada;
St Helier;jersey saint helier channel islands;
St Helier;saint helier;
St Ives;st ives huntingdonshire england;
St Ives;st ives hunts;
St Ives;st ives in huntingdonshire england;
St John New Brunswick;saint john new brunswick;
St Johns Antiqua;antigua;
St Johns Antiqua;saint johns antigua;
St Johns Antiqua;st john;
St Johns Antiqua;st johns antigua;
St Johns Antiqua;st johns in antigua;
St Louis Kaunti Mi;st louis kaunti;
St Louis Kaunti Mi;st louis kaunti minn;
St Louis Kaunti Mi;st louis mi;
Stockbridge Ma;stockbridge mass;
Stockbridge Ma;stockbridge massachusetts;
Stockholm;stockh turus;
Stockholm;ånyo stockholm;
Stockholm;auctoritate regia privilegialis holmiae;
Stockholm;holmiae;
Stockholm;holmiae recusa;
Stockholm;holmiae sueonum;
Stockholm;holmiae svecorum;
Stockholm;holmiae sveonum;
Stockholm;holmi as;
Stockholm;holmi as;
Stockholm;holmias;
Stockholm;holmis;
Stockholm;a stockholm;
Stockholm;astockholm;
Stockholm;mutta nytt toisen kerran wastwdest stockholmin;
Stockholm;stockholm;
Stockholm;socholm;
Stockholm;socholm;
Stockholm;sotckholm;
Stockholm;sotckholm;
Stockholm;ståkhålm;
Stockholm;ståkkhålm;
Stockholm;stckholm;
Stockholm;sthocholm;
Stockholm;stocholm;
Stockholm;stocholmiae;
Stockholm;stocholmin;
Stockholm;stocholmis;
Stockholm;stocholmisa;
Stockholm;stock;
Stockholm;stockh;
Stockholm;stockh ja turus;
Stockholm;stockhol isa;
Stockholm;stockholm;
Stockholm;stock holm;
Stockholm;stockholm åbo;
Stockholm;stockholm aff georg hantsch kongl booktr;
Stockholm;stockholman;
Stockholm;stockholme;
Stockholm;stockholm helsingfors;
Stockholm;stockholm helsingfors kobenhavn;
Stockholm;stockholmi;
Stockholm;stockholmiae;
Stockholm;stockholmiae sveonum;
Stockholm;stockholmin;
Stockholm;stockholmis;
Stockholm;stockholmisa;
Stockholm;stockholmisa ja turusa;
Stockholm;stockholmisa ja turvsa;
Stockholm;stockholmisa turusa;
Stockholm;stockholmissa;
Stockholm;stockholmjsa;
Stockholm;stockholm kobenhavn kristiania;
Stockholm;stockholm leipzig;
Stockholm;stockholm och åbo;
Stockholm;stockholm och upsala;
Stockholm;stockholm pö nytt;
Stockholm;stockholm upsala;
Stockholm;stockholm upsala åbo;
Stockholm;stockholm upsala och åbo;
Stockholm;stockholm upsala und åbo;
Stockholm;stockhom;
Stockholm;stockhomin;
Stockholm;stockhomin;
Stockholm;stockhomisa;
Stockholm;stockhulmisa;
Stockholm;stocklom;
Stockholm;stockohlm;
Stockholm;stockohlm;
Stockholm;stokcholm;
Stockholm;stokgolm;
Stockholm;stokgolm;
Stockholm;stokholm;
Stockholm;stökhölm;
Stockholm;stokholmi;
Stockholm;stokholmiae;
Stockholm;stokholmis;
Stockholm;stokholmisa;
Stockholm;stökkhölm;
Stockholm;stokkholmisa;
Stockholm;stokkholmisa;
Stockholm;stuckholmis;
Stockholm;stuckhulmis;
Stockholm;stuckhulmisa;
Stockholm;stukhulmisa;
Stockholm;stukkolmis;
Stockholm;tockholmisa ja turusa;
Stockholm;tukholma;
Stockholm;tukholmassa;
Stockholm;tukhulmi;
Stockholm;tukhulmissa;
Stockholm;tulkittu sures fangiuxes olles mutta stocholmisa;
Stockholm;stockholm;
Stockport;stockport england;
Stockton;stockton england;
Stoke-on-Trent;longton;
Stoke-on-Trent;stoke on trent;
St Omer;omers;
St Omer;saint omer;
St Omer;s omaers;
St Omer;s omers;
Stonington Ct;stonington conn;
Stonington Ct;stonington port conn;
Stonington Ct;stoningtonport conn;
Stonor;stonor park pyrton;
St Peter Port;guernsey;
St Petersburg;s peterburg m merkusev
St Petersburg;b sanktpeterburge;
St Petersburg;b sanktpeterburge;
St Petersburg;b sanktpeterburge;
St Petersburg;b sanktpeterburge;
St Petersburg;b sanktpeterburge;
St Petersburg;burgo sancti petri;
St Petersburg;pejteri;
St Petersburg;peterburg;
St Petersburg;peterburis;
St Petersburg;peterisa;
St Petersburg;petersburg;
St Petersburg;petrograd;
St Petersburg;petrograd;
St Petersburg;petrograd;
St Petersburg;petropoli;
St Petersburg;petrozavodsk;
St Petersburg;petrozavodsk;
St Petersburg;petrozavodsk;
St Petersburg;pietari;
St Petersburg;pietäri;
St Petersburg;pietarissa;
St Petersburg;pietärissä;
St Petersburg;pietarporissa;
St Petersburg;piotrogrod;
St Petersburg;piotrogrod;
St Petersburg;saint pe tersbourg;
St Petersburg;saint pe tersbourg;
St Petersburg;saint petersbourg;
St Petersburg;saint petersburg;
St Petersburg;sankt peterburg;
St Petersburg;sankt peterburg';
St Petersburg;sankt peterburg;
St Petersburg;sanktpeterburg;
St Petersburg;sanktpeterburg;
St Petersburg;sanktpeterburg;
St Petersburg;s peterburg;
St Petersburg;s peterburg;
St Petersburg;s peterburg;
St Petersburg;s peterburg a e vineke;
St Petersburg;s peterburg a è vineke;
St Petersburg;s peterburg' a evineke;
St Petersburg;s peterburg' a è vineke;
St Petersburg;s peterburg b gosudarstvennaa tipografi a;
St Petersburg;s peterburg b gosudarstvennaâ tipografìâ;
St Petersburg;s peterburg' b gosudarstvennaatipografi a;
St Petersburg;s peterburg' b gosudarstvennaâ tipografìâ;
St Petersburg;s peterburg è vineke;
St Petersburg;s peterburg m merkušev;
St Petersburg;s peterburg m merkus ev;
St Petersburg;s peterburg' m merkušev;
St Petersburg;s peterburg' m merkus ev;
St Petersburg;s peterburg с петербургъ;
St Petersburg;s petersburg;
St Petersburg;st petarborisa;
St Petersburg;st peterborisa;
St Petersburg;st peterborissa;
St Petersburg;st peterbourg;
St Petersburg;st peterburg;
St Petersburg;st petersborg;
St Petersburg;st pétersbourg;
St Petersburg;st petersbourg;
St Petersburg;st petersbrg;
St Petersburg;s t petersburg;
St Petersburg;st pétersburg;
St Petersburg;st petersburgisa;
St Petersburg;st petterburg;
St Petersburg;st pietarbori;
St Petersburg;st pietarborissa;
St Petersburg;st pietarissa;
St Petersburg;v sanktpeterburgě;
St Petersburg;v sanktpeterburge;
St Petersburg;v' sanktpeterburgě;
St Petersburg;v' sanktpeterburge;
St Petersburg;v' sanktpeterburge;
St Petersburg;v sanktpeterburgı︠e︡;
St Pierre;la trinité martinique;
St Pierre;martinique;
St Pierre;saint pierre;
St Pierre;saint pierre martinique;
St Pierre;st pierre martinique;
Strabane;strabane ireland;
Strahane;strapane;Or is this Strabane?
Stralsund;deutschland stralsund;
Stralsund;stralesundii;
Strängnäs;strängnäsis;
Strängnäs;stregnesiae;
Strängnäs;stregnesij;
Strängnäs;strengnäs;
Strängnäs;strengnäsis;
Strängnäs;strengnäss;
Strängnäs;strengnensii;
Strängnäs;strengnes;
Strängnäs;strengnesiae;
Strängnäs;strengnesii;
Strasbourg;argentorati;
Strasbourg;strasburg;
Strasbourg;strasburgh;
Strasbourg;strassburg;
Stratford-upon-Avon;stratford on avon;
Stratford-upon-Avon;stratford upon avon;
Stuttgart;stouccard;
Stuttgart;stutgart;
Sudbury On;sudbury ontario;
Suffield Ct;suffield;
Suffield Ct;suffield conn;
Sulechow;zuellichau;
Superior Wi;superior;
Superior Wi;superior wis;
Superior Wi;superior wisconsin;
Szczecin;stetini;
Szczecin;stettin;
Tallinn;räwelisä;
Tallinn;reval;
Tallinn;revaliae;
Tallinn;revelis;
Tallinn;rewalisa;
Tallinn;rewelis;
Tallinn;tallinna;
Tallinn;tallinnas;
Tammisaari;ekenäs;
Tampere;pirkkala;
Tampere;tammerfors;
Tampere;tampereella;
Tartu;dorp;
Tartu;dorpat;
Tartu;dorpati;
Tartu;dorpati livonorum;
Tartu;dorpati livonorvm;
Tartu;dorpati livonrum;
Tartu;dorpati livonu m;
Tartu;dorpati livonu m;
Tartu;dorpati livonúm;
Tartu;dorpati livonvm;
Tartu;dorpato pernaviam translatae;
Tartu;dorpt;
Tartu;dörpt;
Tartu;dorpt i lieflandh;
Tartu;idorpt;
Tartu;tartto;
Tartu;tartus;
Taunton Ma;norton taunton;
Tavistock;enprented exempt monastery tauestok denshyre;
Tavistock;tauystoke;
Tewkesbury;tewkesbury england;
Tharangampadi;tharangampadi;
Tharangampadi;tara ka ap i;
Tharangampadi;tara ka ap iyil;
Tharangampadi;tara ka pi;
Tharangampadi;tara ka p iyile;
Tharangampadi;tarankanapati;
Tharangampadi;tarankanapati;
Tharangampadi;tarankanapatiyile;
Tharangampadi;tarankaṉapatiyilē;
Tharangampadi;tarankanpati;
Tharangampadi;tarankaṉpati;
Tharangampadi;tarankanpatiyile;
Tharangampadi;tarankaṉpatiyile;
Tharangampadi;trancambar;
Tharangampadi;trangambar;
Tharangampadi;trangambariae;
Tharangampadi;trankebar;
Tharangampadi;trankenbar;
Tharangampadi;trankenbariae;
Tharangampadi;tranquebar;
Tharangampadi;tranquebarae littore coromandelino;
Tharangampadi;tranquebar em india oriental na costa de coromandel;
Tharangampadi;tranquebariae;
Tharangampadi;tranquebariae india orient ad littus coromandelinum;
Tharangampadi;tranquebariae littore coromandelino;
Tharangampadi;tranquebar na costa de coromandel em india oriental;
Tharangampadi;tranquebar ost indien;
The Hague;de hague;
The Hague;haag;
The Hague;hagae;
The Hague;hagae;
The Hague;hagae comitum;
The Hague;hage;
The Hague;hagh;
The Hague;haghe;
The Hague;hagh hague;
The Hague;hagh the hague;
The Hague;haguae;
The Hague;hague;
The Hague;hagve;
The Hague;harg;
The Hague;ins graven hage;
The Hague;in the hague;
The Hague;la haye;
The Hague;the hagh;
The Hague;tot de hague;
The Hague;hagh holland;
Tornio;ala tornio;
Tornio;ala-tornio;
Tornio;alatornio;
Torrington Ct;torrington;
Trefeca;eutftccy trefecca;
Trefeca;trefecca;
Stockholm;stockholm kristiania;
Trefeca;trefecca breconshire wales;
Trefeca;trevecca;
Trefeca;trevecka;
Treffynnon;holywell;
Trefriw;trefryw;
Tromsö;tromso;
Trondheim;trondhjem;
Trowbridge;helpertons marsh;
Troy NY;lansinburgh ny;
Troy NY;lansingburgh;
Troy NY;troy;
Troy NY;troy york;
Truru;truro;
Tubingen;tu bingen;
Tubingen;tu bingen;
Tubingen;tubingen;
Bergen;bergen stockholm
Tübingen;tuebingen;
Turenki;turengi;
Turku;abae;
Turku;åbae;
Turku;åbae;
Turku;abae;
Turku;abo;
Turku;abo;
Turku;å̊bo;
Turku;åbo;
Turku;abóa;
Turku;aboa;
Turku;aboáe;
Turku;aboae;
Turku;åboae;
Turku;aboae fennorum;
Turku;aboae finnorum;
Turku;aboae ime;
Turku;aboae impensis autoris;
Turku;aboae meime;
Turku;abo a turku;
Turku;abo a turku;
Turku;abóa turku;
Turku;aboa turku;
Turku;aboaturku;
Turku;aboâ turku;
Turku;abodiae;
Turku;abo e;
Turku;abóe;
Turku;aboe;
Turku;abogiae;
Turku;åbo och stockholm;
Turku;abost;
Turku;åbo stockholm;
Turku;åco;
Turku;adoae po aboae;
Turku;åpo;
Turku;athenis auräicis;
Turku;azo bo;
Turku;azu bo;
Turku;enthlímmenon abóe;
Turku;enthli mmenon en abo e;
Turku;enthlímmenon en abóe;
Turku;förut stockholm å nyo åbo;
Turku;förut tryckt i stockholm och å nyo uplagd i åbo;
Turku;giöthebörisa ruotzin kielen eric stackbergildä mutta palkan edestä suomexi turusa;
Turku;abo;
Turku;åbo;
Turku;abo;
Turku;aboae;
Turku;åbo;
Turku;aåbo;
Turku;aboae;
Turku;meimea abo;
Turku;perno;
Turku;prunkkala;
Turku;recusa aboae;
Turku;revisa et recusa aboae;
Turku;suomen niemen turusa;
Turku;turasa;
Turku;turku helsinki;
Turku;turku ja helsinki;
Turku;turku tai viipuri;
Turku;turun kaupungisa;
Turku;turura;
Turku;turura;
Turku;turura;
Turku;turura;
Turku;turus;
Turku;turusa;
Turku;turusa anomuxen jälkeen;
Turku;turusa johan winterildä cuning da boktr dä suures ruhtinan maasa suomes;
Turku;turusa johan winterildä kuning da boktr dä suures ruhtinan maasa suomes;
Turku;turusa pränd;
Turku;turussa;
Turku;turuusa;
Turku;tvrvsa;
Turku;åbo;
Turtle Lake Wi;turtle lake wis;
Twickenham;twickenham england;
Tyrnävä;tyrnaviae;
Ulm;vlm;
Ulverston;alverston;
Uppsala;upsaliae stockholmiae;
Uppsala;junecopiae;
Uppsala;junekopiae;
Uppsala;nu pö nytt vplagdt och vpsala;
Uppsala;vpsala;
Uppsala;upsaliae per eschillum matthiae a nunc recusum stockholmiae;
Uppsala;ubsaliae;
Uppsala;uipsaliae stockholmiae;
Uppsala;uppsal;
Uppsala;uppsalassa;
Uppsala;upsaiae;
Uppsala;upsaiae;
Uppsala;upsal;
Uppsala;upsala;
Uppsala;upsalae;
Uppsala;upsalas;
Uppsala;upsalassa;
Uppsala;upsaliae;
Uppsala;upsaliae aboae;
Uppsala;upsaliae et aboae;
Uppsala;upsaliae ime;
Uppsala;upsaliae meime;
Uppsala;upsalie;
Uppsala;upsalie ime;
Uppsala;upsalie meime;
Uppsala;upsalis;
Uppsala;vbsaliae;
Uppsala;vppsala;
Uppsala;vpsala;
Uppsala;vpsaliae;
Upton NY;upton stillwater ny;
USA;u s a;
USA;u sa;
USA;united state;
USA;united states;
Utrecht;te utrecht;
Utrecht;ultraiecti;
Utrecht;vtrecht;
Utrecht;vtrick;
Uttoxeter;utoxeter;
Uusikaarlepyy;nykarleby;
Uusikaarlepyy;uusikaarlebyy;
Uusikaupunki;jetzo auffs newe stade;
Uusikaupunki;nystad;
Uusikaupunki;uudessakaupungissa;
Vaasa;nikolainkaupungissa;
Vaasa;nikolainkaupunki;
Vaasa;nikolaistad;
Vaasa;nya wasa;
Vaasa;t waasasa;
Vaasa;vaasassa;
Vaasa;vasa;
Vaasa;waasa;
Vaasa;waasasa;
Vaasa;waasassa;
Vaasa;wasa;
Vaasa;wasae;
Vaasa;wasa nikolaistad;
Vaasa;wasasa;
Vaasa;wasasa t;
Valamo;valaam;
Valletta;malta;
Valletta;malte;
Valletta;melitae;
Vantaa;tikkurila;
Västerås;arosia;
Västerås;arosiae;
Västerås;arosiensis;
Västerås;wästeråås;
Västerås;wästeråhs;
Västerås;wästerås;
Västerås;westeråhs;
Västerås;westerås;
Västerås;westrosia;
Västerös;wästeröös;
Västerös;wästerös;
Västerös;wästeröös;
Västerös;wästerös;
Vatican;ecclesiopoli;
Venice;italy;
Venice;venedig;
Venice;venetia;
Venice;venetiis;
Venice;venetijs;
Venice;venezia;
Venice;venise;
Vevey;vevay;
Vevey;vevay switzerland;
Vienna;vi den;
Vienna;vi den';
Vienna;vïden;
Vienna;vïden';
Vienna;vindobonae;
Vienna;wien;
Vienna;wien leipzig;
Viljandi;wiljandi;
Viljandi;wiljandis;
Vilnius;vilna;
Vilnius;vilnae;
Vilnius;wilno;
Virginia Mn;virginia minn;
Visingsborg;wijsingsborg;
Visingsborg;wijsingzborg;
Visingsborg;wisingsburgi;
Visingsborg;wisingsbvrgi;
Visingsborg;wisingzborg;
Vyborg;b viipurin läänin maatalouskomisioni;
Vyborg;j cedervaller poikineen;
Vyborg;viborg;
Vyborg;viborgae;
Vyborg;vibourg;
Vyborg;viburgiae;
Vyborg;viipuri;
Vyborg;viipuri mikkeli;
Vyborg;viipurissa;
Vyborg;vyborg';
Vyborg;vyborg'';
Vyborg;wib;
Vyborg;wiborg;
Vyborg;wiborgh;
Vyborg;wiburg;
Vyborg;wiburgae;
Vyborg;wiburgi;
Vyborg;wiburgiae;
Vyborg;wiburis;
Vyborg;wiburisa;
Vyborg;wiiburisa;
Vyborg;wiipuri;
Vyborg;wiipurissa;
Vyborg;wijbor;
Vyborg;wijborg;
Vyborg;wjburgi;
Vyborg;wyburg;
Walpole NH;walpole;
Walpole NH;walpole newhamphire;
Walpole NH;walpole new hampshire;
Walpole NH;walpole newhampshire;
Walpole NH;walpole n w hampshire;
Warminster;market place warminster;
Warminster Pa;warminster bucks county pa;
Warren RI;warren rhode island;
Warren RI;warren r island;
Warren RI;warren rrode island;
Warrington;warington;
Warrington;warringtom;
Warrington;warrington england;
Warrington;warringtoniae;
Warrington;warringtoniae;
Warsaw;varsava;
Warsaw;vars ava;
Warsaw;vars ava;
Warsaw;varsova;
Warsaw;varsovie;
Warsaw;warschau;
Warsaw;warsow;
Warsaw;warszawa;
Washington DC;city washington;
Washington DC;city washington dc;
Washington DC;district columbia;
Washington DC;washington;
Washington DC;washington city;
Washington DC;washington city dc;
Washington DC;washington territory columbia;
Washington Pa;washington penn;
Waterford;vvaterford;
Waterford;waterfoord;
Waterford;waterfordiae;
Waterford;waterford in ireland;
Waterford;waterford ireland;
Watertown Ma;watertown;
Watertown Ma;watertown mass;
Watertown Ma;watertown mass england;
Watford;watton;
Watton Mi;watton mich;
Weimar;weimar verlage des industrie comptoirs;
London;westmynstre;
Westport Ct;westport;
West Springfield Ma;west springfield mass;
Wexford;wexford ireland;
Weymouth;waymouth;
Whitby;whitby england;
Whitehall Pa;white hall pa;
Whitehall Pa;whitehall penn;
Whitehaven;whitehaven england;
Whitesboro NY;whitesborough ny;
Whitesboro NY;whitestown ny;
Wiesenthal;wiesenthal und malmesburg;
Wilkes-Barre Pa;wilkes barre pa;
Wilkes-Barre Pa;wilkesbarre pa;
Williamsburg Va;williamsburg;
Williamsburg Va;williamsburgh va;
Williamsburg Va;williamsburg annapolis;
Wilmington De;wilmington;
Wilmington De;wilmington del;
Wilmington De;wilmington delaware;
Wilmington De;wilmingtonii del;
Wilmington De;wilmingtoni wilmington del;
Wilmington NC;wilmington north carolina;
Winchester;wincherter;
Winchester;winchester england;
Winchester;winchester or oxford;
Windham Ct;windham conn;
Windsor;windsor england;
Windsor Ct;windsor connecticut;
Windsor Vt;windsor vermont;
Wirzburg;vvirtsburgh;
Wisbech;wisbich;
Wismar;wismariae;
Wittenberg;edita wittebergae;
Wittenberg;vitebergae;
Wittenberg;vitembergae;
Wittenberg;witebergae;
Wittenberg;witemberg;
Wittenberg;wittebergae;
Wittenberg;wittenbergae;
Wittenberg;wittenberge;
Wokingham;wokingham england;
Wolston;wolston warks;
Wolverhampton;w hampton;
Wolverhampton;wolverhampton england;
Wolverhampton;woverhampton;
Woodbridge NJ;woodbridge;
Woodbridge NJ;woodbridge in new jersey;
Woodbridge NJ;woodbridge new jersey;
Woodbridge NJ;woodbridge n w jersey;
Worcester;ad imprimeniume solum worceter;
Worcester;anno m d xlix worceter;
Worcester;worcester england;
Worcester;worcestershire;
Worcester;worceter;
Worcester;worchester;
Worcester Ma;massachusetts bay worcester;
Worcester Ma;wigorniae;
Worcester Ma;wigorniae massachusettensis;
Worcester Ma;worcester mass;
Worcester Ma;worcester massachusetts;
Worcester Ma;worcester masschusetts;
Worcester Ma;worchester ma;
Worcester Ma;america worcester massachusetts;
Worcester Ma;massachusetts worcester;
Wotton-under-Edge;wotton;
Wotton-under-Edge;wotton under edge;
Wotton-under-Edge;wotton underedge;
Wrexham;glynd;
Wrexham;gwrecsam;
Wrexham;ngwrecsam;
Wrexham;wreham;
Wurzburg;wu rzburg;
Wurzburg;wu rzburg;
Wurzburg;wurzburg;
Y Bont-faen;pont y fon;
Y Bont-faen;y bont faen;
Yeovil;yeovil england;
York;eboraci;
York;ebor um;
York;yorck;
York;yor k;
York;york;
York;york by;
York;yorke;
York;yorr;
York;yorke now london;
York;yorke london;
York;york england;
York Pa;york town pa;
York Pa;york town penn;
York Pa;york pennsylvania;
Youghal;youghall;
Yr Wyddgrug;wyddgrug;
Yverdon-les-Bains;yverdon;
Zeiz-Bahren;zeiz;
Zürich;switzerland;
Zürich;tiguri;
Zürich;tigvri;
Zürich;zuerich;
Zürich;zu rich;
Zürich;zu rich;
Zürich;zurich;
Zürich;zurich;
Zürich;zurych;
Zürich;tiguri zurich;
Zweibrücken;zweibruecken;
Jena;i.e nae;
Jena;i.e na;
New Bern NC;North carolina;
Taunton Ma;Norton near taunton;
Dover De;Dover del;
Germantown Pa;Germantown Pe;
Baltimore Md;Baltimore Ma;
The Hague;Hagae comitis;
Great Yarnmouth;Great yarmouth;
Kings Lynn;Lynn england;
Aberdeen;Ad exemplar abredoniae;
NA;copy van schotland;
NA;agnifitiae;not a place
NA;berttula;
NA;piitem;
NA;u r ev;
NA;ur ev;
NA;providentiae;
NA;prs;
NA;north;
NA;borough;
NA;pace;
NA;utopia;
NA;rochell;
NA;permissu superiorum;
NA;paslic;
NA;nulun;
NA;menley;
NA;melvill;
NA;little britain;
NA;kemmish;
NA;je ne sai ou;
NA;insula;
NA;illegible;
NA;highwayman;
NA;europ;
NA;eleutheropolis;
NA;continental;
NA;continent;
NA;californien;
NA;bwten lonnen;
NA;bs l;
NA;albigion;
NA;Bishop s castle;
NA;v telci;
NA;chicago york;
NA;ur ev;
Breslau;Breslau hirschberg und lissa suedpr;
Dover De;Dover delaware;
Eton;Etonae collegio regali usum schole etonens;
Florence;Florence m cartie tralee;
St Peter Port;Guernesey st peter port;
Inis Córthaidh;inis córthaidh;
Lausanne;Lausanne geneve;
Lausanne;Lausanne grasset;
London;l lvndain;
Caen;neulye caen;
Northallerton;north allerton;
Oxford;Oxoniae hen hall acad typog impensis fran oxlad;
Oxford;Oxoniae officina typographica iosephi barnesii;
Portsmouth;Portsmouth exeter;
Ghent;Rothomage n;
NA;St christopher s;
London;St george s fields;
St George;St george s town grenada;
NA;St john s;
St Mary's Md;St mary s md;
London;Utopia london;
Waltham Saint Lawrence;Waltham saint lawrence;
Wesel;wesel elsas;
Wittenberg;wyttenberge london;
